snapshot_index,timestamp,session_date,symbol,session_regime,completed_daily_timestamp,completed_daily_open,completed_daily_high,completed_daily_low,completed_daily_close,completed_daily_volume,intraday_open,intraday_high,intraday_low,intraday_close,intraday_volume,vwap,trend_fast_ma,trend_slow_ma,trend_regime,trend_crossed_up,trend_crossed_down,fast_donchian_upper,fast_donchian_middle,fast_donchian_lower,slow_donchian_upper,slow_donchian_middle,slow_donchian_lower,breakout_direction,volume_fast_average,volume_slow_average,volume_ratio,volume_phase,macro_observation_count,macro_latest_dxy,macro_latest_spread_10y2y,macro_latest_spread_2y3m,macro_latest_vix,macro_latest_fear_greed,macro_regime,macro_score,macro_dxy_score,macro_curve_score,macro_vix_score,macro_sentiment_score,macro_leverage_cap,bot_status,bot_reason,current_price,active_breakout,breakout_triggered,fake_breakout_triggered,cumulative_fake_breakouts,grid_lower,grid_upper,grid_count,active_grid_levels,level_spacing,atr,atr_pct,realized_volatility_200,leverage,total_grid_notional,initial_entry_notional,reserve_notional,order_notional,buy_level_count,sell_level_count,nearest_buy_level,nearest_sell_level,inventory,gross_notional,realized_pnl,total_equity,working_capital,savings_balance,grid_levels_crossed_in_step,fills_in_step,cumulative_grid_levels_crossed,cumulative_fills,portfolio_total_equity,portfolio_total_savings,portfolio_gross_exposure,portfolio_cumulative_return,portfolio_drawdown
7,2016-07-20T21:20:00,2016-07-20,BTC,range,2016-07-19T00:00:00,52990.60701592126,53597.751112103,51101.074458811105,51771.61015373325,8830.547321314047,48479.539133576036,50203.41268285079,47707.460199727524,49403.879559548324,8500.38477162265,42916.587362524624,56444.10694680552,43429.95200634768,bull,False,False,53165.53597170466,50093.57935228181,47021.62273285896,54211.028380439966,50616.32555664946,47021.62273285896,none,5035.696728194572,3988.0531988908765,1.2626954749738688,expansion,200,102.76067628976215,0.32433681132456066,0.11773201174200285,19.35129573188963,51.68787718671011,risk_on,1.25,-0.75,1.25,0.75,0.0,5.0,active,active,49403.879559548324,neutral,False,False,0,45053.180890288466,55838.95786346112,28,9,1107.2355588401872,1302.6300692237496,0.025077539523840217,0.0113548158791631,4.5,112500.0,33750.0,78750.0,2812.5,6,3,50836.85839764192,53051.329515322286,0.790424563591563,39050.039940586124,0.0,23268.789940586124,25000.0,0.0,0,0,2,2,97253.80676594419,0.0,1.2322596192422515,-0.02746193234055816,-0.02746193234055816
15,2016-07-21T21:20:00,2016-07-21,BTC,range,2016-07-20T00:00:00,51771.61015373325,53818.300651190526,47694.894990628694,49403.879559548324,12502.824534843941,51642.97804189978,51681.92339335643,51558.31604716706,51597.19755274834,2715.8559926998423,42949.67187457697,56300.669480280056,43520.76399994433,bull,False,False,51972.053069832014,49496.83790134548,47021.62273285896,54211.028380439966,50616.32555664946,47021.62273285896,none,4468.641903300685,4095.8882817240747,1.0910067843500135,compression,201,103.08106481838418,0.27737620119303397,0.12378241581439565,19.14499567515033,50.909926926787335,risk_on,1.25,-0.75,1.25,0.75,0.0,5.0,active,active,51597.19755274834,neutral,False,False,0,45053.180890288466,55838.95786346112,28,9,1107.2355588401872,1302.6300692237496,0.025077539523840217,0.0113548158791631,4.5,112500.0,33750.0,78750.0,2812.5,6,3,50836.85839764192,53051.329515322286,0.790424563591563,40783.69235817876,0.0,25002.442358178763,25000.0,0.0,0,0,2,2,99925.62811687455,0.0,1.2249845439964806,-0.0007437188312545695,-0.0007437188312545695
23,2016-07-22T21:20:00,2016-07-22,BTC,range,2016-07-21T00:00:00,49403.879559548324,54194.420613047434,47926.29138954435,51597.19755274836,11976.391229140248,50081.024825222295,51188.192389253956,47753.385547132406,48809.094765044734,12179.653711638975,42995.41922028407,56175.70350410305,43620.36399798885,bull,False,False,52339.83148566381,50502.308238127436,48664.78499059106,54211.028380439966,50616.32555664946,47021.62273285896,none,5000.633732781275,4307.279128965378,1.1609727586850038,compression,202,103.14325340581343,0.332988345337552,0.11726516685370815,21.565925976627625,50.96053725437111,neutral,0.5,-0.75,1.25,0.0,0.0,3.5,paused,pause_active,48809.094765044734,neutral,False,False,0,,,0,0,,,,,0.0,,,,,0,0,,,0.0,0.0,77.41194886126658,25077.411948861263,25000.0,0.0,0,0,2,2,100598.58172266386,0.0,0.0,0.005985817226638712,0.0
31,2016-07-23T21:20:00,2016-07-23,BTC,range,2016-07-22T00:00:00,51597.19755274836,54841.46074308293,45751.336962996014,48809.09476504473,13865.908636604841,47757.60282316092,47776.709685407885,47737.76401423062,47756.86293936669,1393.5023126503643,43006.25168190399,55969.30629986736,43706.56181839016,bull,False,False,52173.847735128606,49275.52993528378,46377.21213543896,54211.028380439966,50294.12025793946,46377.21213543896,none,4852.095938339373,4295.419394944985,1.129597716127442,compression,203,102.77695650814572,0.2974079965834458,0.09747885082725832,20.39823566290284,45.29078288755308,neutral,0.5,-0.75,1.25,0.0,0.0,3.5,active,active,47756.86293936669,neutral,False,False,0,39170.7719593093,54214.680687998334,28,9,1544.3626110369178,1816.8971894551973,0.03724511707838453,0.012572176832312636,3.5,87689.65927471011,26306.89778241303,61382.76149229708,2192.241481867753,6,3,47237.79548049038,50326.52070256421,0.5939803554113734,28366.638422057273,77.41194886126658,24474.26268503208,25054.188364202888,23.223584658379973,0,0,3,3,100303.93893630132,233.3916985733843,1.3265477223925484,0.0030393893630131785,-0.008140737669834364
39,2016-07-24T21:20:00,2016-07-24,BTC,range,2016-07-23T00:00:00,48809.09476504473,49488.879382138344,47357.81808157691,47756.86293936669,8599.845366255235,45664.22069566481,45926.08890295809,45099.42217992179,45358.05146684051,4953.500128903195,43025.26799709738,55758.04271579465,43790.27801951374,bull,False,False,48850.10032286167,47088.590297049515,45327.08027123736,54211.028380439966,49769.05432583866,45327.08027123736,none,4800.291208941039,4432.08170429659,1.083078230324025,compression,204,103.06220441229573,0.269131729679744,0.0876297245350634,20.807858327792335,49.18701251260309,neutral,0.5,-0.75,1.25,0.0,0.0,3.5,active,active,45358.05146684051,neutral,False,False,0,39170.7719593093,54214.680687998334,28,9,1544.3626110369178,1816.8971894551973,0.03724511707838453,0.012572176832312636,3.5,87689.65927471011,26306.89778241303,61382.76149229708,2192.241481867753,6,3,47237.79548049038,50326.52070256421,0.5939803554113734,26941.79153104129,77.41194886126658,23049.4157940161,25054.188364202888,23.223584658379973,0,0,3,3,98981.89689809497,233.3916985733843,1.2620985453017943,-0.010181031019050324,-0.021213799951242396
47,2016-07-25T21:20:00,2016-07-25,BTC,expansion,2016-07-24T00:00:00,47756.86293936669,48615.47945538245,43192.57866557257,45358.05146684048,13239.472739175835,45448.97754982764,45469.19002015677,45430.80159424117,45451.00598119895,1289.8571483210337,43028.59204540541,55561.01165979861,43863.27905328125,bull,False,False,47408.50815581215,46217.41639535644,45026.324634900724,53165.53597170466,49095.930303302695,45026.324634900724,none,4374.790328594035,4266.354151488175,1.0254165906663035,compression,205,102.7596064278914,0.2873391499406964,0.06395221139587472,21.21547213874435,52.17056931084297,neutral,0.5,-0.75,1.25,0.0,0.0,3.5,active,active,45451.00598119895,neutral,False,False,0,39170.7719593093,54214.680687998334,28,9,1544.3626110369178,1816.8971894551973,0.03724511707838453,0.012572176832312636,3.5,87689.65927471011,26306.89778241303,61382.76149229708,2192.241481867753,6,3,47237.79548049038,50326.52070256421,0.5939803554113734,26997.004686517008,77.41194886126658,23104.628949491816,25054.188364202888,23.223584658379973,0,0,3,3,95390.89821993196,233.3916985733843,1.4829878515299306,-0.04609101780068037,-0.05672352506994671
55,2016-07-26T21:20:00,2016-07-26,BTC,expansion,2016-07-25T00:00:00,45358.05146684048,45553.89260418839,45250.229289168194,45451.005981198905,6554.253574107932,44987.26621944983,45076.13922768896,44794.44196700278,44882.934048085925,2330.3491258554695,43032.4236564502,55394.18256533232,43938.42764772003,bull,False,False,45632.855403510395,45056.11507227221,44479.37474103403,52339.83148566381,48409.603113348916,44479.37474103403,none,3960.787937717654,4217.453511663081,0.9391420502358506,compression,206,102.48994988266679,0.4443906881293592,0.17062629652819358,19.94455334663373,56.61221179444738,risk_on,1.25,-0.75,1.25,0.75,0.0,5.0,paused,pause_active,44882.934048085925,neutral,False,False,0,,,0,0,,,,,0.0,,,,,0,0,,,0.0,0.0,-1987.7046643512183,23089.707284510045,25054.188364202888,23.223584658379973,0,0,3,3,95523.12997078898,245.83772799146132,0.0,-0.04476870029211011,-0.055415946441903396
63,2016-07-27T21:20:00,2016-07-27,BTC,expansion,2016-07-26T00:00:00,45451.005981198905,46150.14844322321,44437.73227584473,44882.934048085976,8504.948474007682,44983.48938938827,45041.05904107465,44858.444966730975,44915.85458717133,1516.6499959807777,43034.85213918672,55191.77696898323,44003.46417548208,bull,False,False,45192.894133025446,44881.14827876368,44569.40242450192,52339.83148566381,48409.603113348916,44479.37474103403,none,3208.6889317872847,4198.512639224576,0.7642441996744586,compression,207,102.1224075278052,0.6119588796287917,0.264508033441302,18.92288282830863,59.18799862210813,risk_on,2.75,0.75,1.25,0.75,0.0,5.0,active,active,44915.85458717133,neutral,False,False,0,42128.770317363495,46381.02668867039,28,9,436.523902851554,513.5575327665341,0.011451709783856935,0.012153125678334346,3.5,87689.65927471011,26306.89778241303,61382.76149229708,2192.241481867753,6,3,44408.9657628469,45282.01356855001,0.6474546623139655,29080.979464280193,-1987.7046643512183,23123.487114042513,25054.188364202888,23.223584658379973,0,0,4,4,95289.29268667982,304.4616961211044,1.1814256669566543,-0.04710707313320173,-0.05772825519648872
71,2016-07-28T21:20:00,2016-07-28,BTC,expansion,2016-07-27T00:00:00,44882.934048085976,45019.6080815059,44803.985374289536,44915.85458717134,6310.8265569382165,45141.479226109885,45296.75022033991,45070.31706198706,45225.343283113405,1802.6988471234408,43037.89863401552,54928.656344997464,44071.03079848049,bull,False,False,45212.75796302104,44787.279574504835,44361.80118598864,52173.847735128606,48267.82446055862,44361.80118598864,none,2737.474947607593,4118.848055402354,0.6646214938706158,compression,208,102.15005941686564,0.7056731728205289,0.2563422029904163,17.50313145194165,65.24566482489494,risk_on,3.25,0.75,1.25,0.75,0.5,5.0,active,active,45225.343283113405,neutral,False,False,0,42128.770317363495,46381.02668867039,28,9,436.523902851554,513.5575327665341,0.011451709783856935,0.012153125678334346,3.5,87689.65927471011,26306.89778241303,61382.76149229708,2192.241481867753,6,3,44408.9657628469,45282.01356855001,0.6474546623139655,29281.35936340136,-1987.7046643512183,23323.86701316368,25054.188364202888,23.223584658379973,0,0,4,4,97163.51918055015,312.9153344453518,1.1762026511376809,-0.028364808194498492,-0.03919489621414174
79,2016-07-29T21:20:00,2016-07-29,BTC,expansion,2016-07-28T00:00:00,44915.85458717134,45526.75302803004,44550.34212037382,45225.343283113434,7447.071096468705,44055.50028616277,44550.07580064502,42997.96812242955,43480.67157756478,6558.459137000409,43047.33744460691,54590.25839399909,44140.00585311993,bull,False,False,46914.52894176471,45361.00856642828,43807.488191091856,48850.10032286167,46328.79425697676,43807.488191091856,short,2831.2858179135756,4264.829582114859,0.6638684532172063,compression,209,101.57294849362265,0.7288979222249435,0.3685801989099054,18.04581033435875,60.36331364128866,risk_on,3.25,0.75,1.25,0.75,0.5,5.0,active,active,43480.67157756478,neutral,False,False,0,42128.770317363495,46381.02668867039,28,9,436.523902851554,513.5575327665341,0.011451709783856935,0.012153125678334346,3.5,87689.65927471011,26306.89778241303,61382.76149229708,2192.241481867753,6,3,44408.9657628469,45282.01356855001,0.7513042430870601,32667.213048499358,-1907.5465921463228,22215.625660432786,25054.188364202888,23.223584658379973,1,1,9,9,93615.28950021669,327.8100739832245,1.2625083136218236,-0.06384710499783308,-0.07428169849364674
87,2016-07-30T21:20:00,2016-07-30,BTC,expansion,2016-07-29T00:00:00,45225.343283113434,46396.36563721567,41894.07024982912,43480.67157756483,13462.941370998693,45363.714290214215,45567.13133933217,44924.11656674976,45125.56240003795,4631.978966271608,43055.30997794984,54144.46213330824,44202.786397609605,bull,False,False,46013.82166286349,44335.04651554499,42656.27136822649,47408.50815581215,45032.38976201932,42656.27136822649,none,2738.565155562912,4355.166707610471,0.6288083417742388,compression,210,101.45805405330974,0.7784160248533462,0.322169503429097,17.45679544985445,65.3662773781855,risk_on,3.25,0.75,1.25,0.75,0.5,5.0,active,active,45125.56240003795,neutral,False,False,0,42128.770317363495,46381.02668867039,28,9,436.523902851554,513.5575327665341,0.011451709783856935,0.012153125678334346,3.5,87689.65927471011,26306.89778241303,61382.76149229708,2192.241481867753,6,3,44408.9657628469,45282.01356855001,0.6258342097811287,28241.12068555676,-1932.21297929288,23459.90714845786,25110.299014746313,47.27100631984861,0,0,12,12,95490.13500482282,369.31410816514847,1.1975473991666292,-0.04509864995177182,-0.05574221840042126
95,2016-07-31T21:20:00,2016-07-31,BTC,expansion,2016-07-30T00:00:00,43480.67157756483,46786.942500256744,42009.953828290294,45125.56240003789,13053.771900815127,44258.89220533946,44702.0723935566,43309.452539792735,43743.125647540575,5108.02163197151,43062.1033550284,53820.365053070505,44269.8377555157,bull,False,False,46510.18966182091,45247.995535649454,43985.801409478,46914.52894176471,44785.4001549956,42656.27136822649,none,2995.0122102718715,4424.95336607576,0.6768460506800726,compression,211,101.78889078302964,0.7904083951526865,0.3062988704314939,15.44810769446906,67.8242205082836,risk_on,3.25,0.75,1.25,0.75,0.5,5.0,active,active,43743.125647540575,neutral,False,False,0,42128.770317363495,46381.02668867039,28,9,436.523902851554,513.5575327665341,0.011451709783856935,0.012153125678334346,3.5,87689.65927471011,26306.89778241303,61382.76149229708,2192.241481867753,6,3,44408.9657628469,45282.01356855001,0.7693144158562616,33652.217155264734,-1890.0833552268507,22542.09275481473,25130.31161859208,55.84783653946272,1,1,16,16,92875.96097166442,377.8909383847626,1.2721501948519747,-0.07124039028335583,-0.0815925763786638
103,2016-08-01T21:20:00,2016-08-01,BTC,expansion,2016-07-31T00:00:00,45125.56240003789,46748.45717419834,42473.32258183028,43743.125647540575,11938.943958366586,44282.094557987904,44697.03776103975,44092.73868615628,44505.90753926468,2694.012806564126,43064.24888823141,53510.17629551777,44321.301592169664,bull,False,False,44702.0723935566,44005.76246667467,43309.452539792735,46914.52894176471,44785.4001549956,42656.27136822649,none,3064.4840707386034,3831.5488901448966,0.7998029409518287,compression,212,101.3029840727138,0.7842108669375571,0.34153249988771217,16.695297555677687,65.00652346322752,risk_on,3.25,0.75,1.25,0.75,0.5,5.0,active,active,44505.90753926468,neutral,False,False,0,42128.770317363495,46381.02668867039,28,9,436.523902851554,513.5575327665341,0.011451709783856935,0.012153125678334346,3.5,87689.65927471011,26306.89778241303,61382.76149229708,2192.241481867753,6,3,44408.9657628469,45282.01356855001,0.7271906370867379,32364.279257601334,-1910.5881697325635,23159.689740804948,25159.8023554383,68.48672375927148,0,0,17,17,95592.25317567233,390.5298256045714,1.186168344410651,-0.04407746824327663,-0.05473241903776982
111,2016-08-02T21:20:00,2016-08-02,BTC,expansion,2016-08-01T00:00:00,43743.125647540575,45092.45100233698,42884.59407123091,44505.907539264714,9377.502270855757,45046.75579821528,45218.933542588704,44967.86706360217,45139.74327939398,2082.940770237007,43067.32023679476,53248.513279689716,44369.91870103054,bull,False,False,45362.403977572176,44396.686211409346,43430.968445246515,46914.52894176471,44785.4001549956,42656.27136822649,none,3172.2706217624386,3745.313525455419,0.8469973475389353,compression,213,101.50285705847091,0.8212763523189622,0.3015552880431688,15.60607177260353,61.5740273694939,risk_on,3.25,0.75,1.25,0.75,0.5,5.0,active,active,45139.74327939398,neutral,False,False,0,42128.770317363495,46381.02668867039,28,9,436.523902851554,513.5575327665341,0.011451709783856935,0.012153125678334346,3.5,87689.65927471011,26306.89778241303,61382.76149229708,2192.241481867753,6,3,44408.9657628469,45282.01356855001,0.6854391662547652,30940.54799838195,-1914.442182845205,23599.363741173154,25159.8023554383,68.48672375927148,0,0,18,18,96045.01240443168,390.5298256045714,1.1688995090082395,-0.03954987595568327,-0.050255292422277664
119,2016-08-03T21:20:00,2016-08-03,BTC,expansion,2016-08-02T00:00:00,44505.907539264714,45518.31347342555,43924.96565375298,45139.74327939398,8794.648058221133,45574.455072044955,46665.13287874756,45081.91607851042,46160.80655065609,5364.915827230284,43073.88024177321,53048.55407025761,44396.07059095424,bull,False,False,46132.748870422896,44879.75454185226,43626.76021328162,46914.52894176471,44785.4001549956,42656.27136822649,none,3516.3213096388763,3825.7128582250234,0.9191283925240296,compression,214,101.48425358421117,0.7988484528022535,0.3353910803566367,16.96589165404565,67.72013949527131,risk_on,3.25,0.75,1.25,0.75,0.5,5.0,active,active,46160.80655065609,neutral,False,False,0,42128.770317363495,46381.02668867039,28,9,436.523902851554,513.5575327665341,0.011451709783856935,0.012153125678334346,3.5,87689.65927471011,26306.89778241303,61382.76149229708,2192.241481867753,6,3,44408.9657628469,45282.01356855001,0.6234422141663704,28778.595443646525,-1837.7725684257953,24287.325112865812,25159.8023554383,68.48672375927148,1,1,22,22,97139.0101478658,390.5298256045714,1.1410105625428857,-0.028609898521341992,-0.03943725470311554
127,2016-08-04T21:20:00,2016-08-04,BTC,mania,2016-08-03T00:00:00,45139.74327939398,47298.40534083022,43703.17578969154,46160.8065506561,10318.67400390207,44038.211345559066,45736.24283455701,40557.24895098897,42121.06100696733,27630.38332518098,43101.80664338127,52863.20771486851,44419.68718562089,bull,False,False,51227.69965615858,46588.68111818217,41949.66258020576,51227.69965615858,46588.68111818217,41949.66258020576,none,5593.756374111427,4428.496029833682,1.2631277834343024,expansion,215,101.5948300055619,0.8965717116380912,0.3354621484872742,16.035355251701528,66.0584781692503,risk_on,3.25,0.75,1.25,0.75,0.5,5.0,active,active,42121.06100696733,long,False,False,1,41657.50143142689,51090.895088495665,28,10,848.9544462796568,998.7699367995963,0.020762473814443405,0.011106455474529417,4.5,113460.6198848935,34038.18596546805,79422.43391942544,2836.5154971223374,7,3,47255.61853118522,48953.52742374453,1.076013147245277,45322.81541941723,-1571.9725262224736,20910.78044834345,25213.471085531888,91.48760808509441,2,2,31,31,90516.01695485131,413.53070993039427,1.5824120406567264,-0.09483983045148692,-0.1049289713047219
135,2016-08-05T21:20:00,2016-08-05,BTC,mania,2016-08-04T00:00:00,46160.8065506561,50603.0953020484,36541.78772781393,42121.06100696736,30448.409371469912,37172.1787485289,38906.6643101092,36401.3903251854,38099.91024158878,28450.575403481653,43035.04026724125,52629.25913905519,44417.88406314185,bull,False,False,46410.74325316046,41152.5060852177,35894.26891727494,51227.69965615858,43560.98428671676,35894.26891727494,none,7412.514100652325,4915.767215324016,1.5079058417463609,expansion,216,101.23833996331057,0.6767780133690622,0.32499327985662047,17.809785010104168,68.08392948922429,risk_on,3.25,0.75,1.25,0.75,0.5,5.0,active,active,38099.91024158878,long,False,False,1,27053.387798490447,52385.0902231902,28,12,1967.5639639537646,2314.7811340632525,0.058902411593487816,0.013763870119845907,4.0,101598.12446029685,30479.437338089054,71118.6871222078,2539.9531115074215,6,6,37331.01603373129,41266.143961638816,1.155232042281408,44014.23711912894,-1571.9725262224736,16693.0608008742,25399.531115074213,171.2276207460909,0,0,32,32,79009.4127402127,493.2707225913908,2.055748192559162,-0.20990587259787297,-0.21871245866611533
143,2016-08-06T21:20:00,2016-08-06,BTC,range,2016-08-05T00:00:00,42121.06100696736,48177.30535583536,32068.569421363587,38099.910241588834,32500.0,38488.59615996996,39995.79631802416,37815.27306462445,39296.10612236903,6808.974145607863,43018.09775608541,52236.58187773577,44392.32413478708,bull,False,False,39938.62315291143,38170.00673904842,36401.3903251854,51227.69965615858,43560.98428671676,35894.26891727494,none,7451.022568190838,4969.82446414065,1.499252664143988,expansion,217,100.74925986062611,0.6331804562889422,0.22514834361663127,17.25229615240085,68.0413616391467,risk_on,3.25,0.75,1.25,0.75,0.5,5.0,active,active,39296.10612236903,long,False,False,1,27053.387798490447,52385.0902231902,28,12,1967.5639639537646,2314.7811340632525,0.058902411593487816,0.013763870119845907,4.0,101598.12446029685,30479.437338089054,71118.6871222078,2539.9531115074215,6,6,37331.01603373129,41266.143961638816,1.155232042281408,45396.12092945131,-1571.9725262224736,18074.944611196566,25399.531115074213,171.2276207460909,0,0,32,32,80262.39493801187,515.8577601737371,1.542413168538635,-0.19737605061988128,-0.20632229720684148
151,2016-08-07T21:20:00,2016-08-07,BTC,stress,2016-08-06T00:00:00,38099.910241588834,39980.8361746599,37009.870047078155,39296.106122369005,10022.507067751782,38759.63982104604,38903.744419007955,38447.84287314569,38590.78824016453,4416.968074145448,43003.57270401116,51870.8018946359,44401.79405746568,bull,False,False,39995.79631802416,38848.64587908832,37701.495440152474,51227.69965615858,43560.98428671676,35894.26891727494,none,7662.9772221632375,5002.303675221611,1.5318896491872325,expansion,218,101.52140703842574,0.4850006154808794,0.2333953408824887,19.113463677444543,70.42990335520247,risk_on,3.25,0.75,1.25,0.75,0.5,5.0,active,active,38590.78824016453,long,False,False,1,27053.387798490447,52385.0902231902,28,12,1967.5639639537646,2314.7811340632525,0.058902411593487816,0.013763870119845907,4.0,101598.12446029685,30479.437338089054,71118.6871222078,2539.9531115074215,6,6,37331.01603373129,41266.143961638816,1.155232042281408,44581.315111934615,-1571.9725262224736,17260.13879367987,25399.531115074213,171.2276207460909,0,0,32,32,79151.30321481562,525.1569951436805,1.6368364862512357,-0.20848696785184384,-0.2173093693860353
159,2016-08-08T21:20:00,2016-08-08,BTC,stress,2016-08-07T00:00:00,39296.106122369005,40422.30206212601,37389.96998517617,38590.78824016455,14546.120426845082,36767.29748100861,36821.363419593494,36742.48299799984,36796.51244713877,4742.37671349781,42962.180154209644,51480.08094190023,44408.93469567358,bull,False,False,39752.833153827814,38015.746121880315,36278.659089932815,51227.69965615858,43560.98428671676,35894.26891727494,none,8763.402718512069,5055.299363550859,1.7335081640658023,expansion,219,103.16562844473094,0.22444075992300588,0.03414819322850293,24.091701916195547,49.039201070828454,neutral,0.5,-0.75,1.25,0.0,0.0,3.5,paused,pause_active,36796.51244713877,long,False,False,1,,,0,0,,,,,0.0,,,,,0,0,,,0.0,0.0,-7764.559242125128,17806.19949369518,25399.531115074213,171.2276207460909,0,0,32,32,80316.08568278582,525.8956054327375,0.0,-0.1968391431721418,-0.20579137426333405
167,2016-08-09T21:20:00,2016-08-09,BTC,stress,2016-08-08T00:00:00,38590.78824016455,40744.08748964077,34412.190011901526,36796.51244713878,22886.877678870707,38052.719655897425,38869.64216877316,37683.155382511904,38492.1440242317,9537.885065530683,42919.10435664384,51043.517499651265,44412.00111599264,bull,False,False,38577.83778420096,37305.83717985317,36033.8365755054,51227.69965615858,43560.98428671676,35894.26891727494,none,9699.70395406476,5147.361695472277,1.8844030258446411,expansion,220,104.04345230175143,-0.028748301589497288,-0.02599928882235028,26.549990647006005,42.395948989576354,risk_off,-2.0,-0.75,-1.25,0.0,0.0,2.0,paused,pause_active,38492.1440242317,long,False,False,1,,,0,0,,,,,0.0,,,,,0,0,,,0.0,0.0,-7764.559242125128,17806.19949369518,25399.531115074213,171.2276207460909,0,0,32,32,80475.77090631002,573.8011724899968,0.0,-0.19524229093689982,-0.20421232094110797
175,2016-08-10T21:20:00,2016-08-10,BTC,stress,2016-08-09T00:00:00,36796.51244713878,39919.97946039778,34399.01767543624,38492.14402423173,22163.19822191549,33541.72806076939,35114.85776066697,30357.202095960336,31780.975377301907,36810.99045365568,42757.733208423735,50619.32985301568,44405.032482779265,bull,False,False,42930.952282161496,36553.64512453139,30176.33796690128,46410.74325316046,38293.54061003087,30176.33796690128,none,11718.137848100461,6079.198192281911,1.9275795059581526,expansion,221,104.05676150771443,-0.14535887883689336,-0.11320405517631975,28.926248533363157,35.7964197220211,risk_off,-3.25,-0.75,-1.25,-0.75,-0.5,2.0,active,active,31780.975377301907,long,False,False,1,20718.363532076004,44025.69167888121,28,12,1861.0569744235115,2189.4787934394253,0.06778423882616087,0.017315413164385465,2.0,50799.062230148425,15239.718669044527,35559.3435611039,1269.9765557537107,6,6,30439.649374947054,34161.763323794075,0.7002727930844239,22255.35239441051,-7764.559242125128,13709.538356216188,25399.531115074213,171.2276207460909,1,1,39,39,75467.83619557758,573.8011724899968,0.8308080893786766,-0.24532163804422424,-0.25373347116372424
183,2016-08-11T21:20:00,2016-08-11,BTC,stress,2016-08-10T00:00:00,38492.14402423173,53313.499139901374,23831.765418655785,31780.975377301955,37700.0,31894.683417191896,31931.013709599672,31815.754427555963,31851.994814281486,2408.801302671053,42732.07897440767,50034.479648401255,44349.5448589028,bull,False,False,37455.61200036177,33815.974983631524,30176.33796690128,42930.952282161496,36553.64512453139,30176.33796690128,none,9458.21540981055,6050.750280124452,1.5631475390546135,expansion,222,105.04399048298929,-0.133318302342021,-0.17306310246323378,30.327927442900766,29.450004933567303,risk_off,-3.25,-0.75,-1.25,-0.75,-0.5,2.0,active,active,31851.994814281486,long,False,False,1,20718.363532076004,44025.69167888121,28,12,1861.0569744235115,2189.4787934394253,0.06778423882616087,0.017315413164385465,2.0,50799.062230148425,15239.718669044527,35559.3435611039,1269.9765557537107,6,6,30439.649374947054,34161.763323794075,0.7002727930844239,22305.085373907485,-7764.559242125128,13759.271335713162,25399.531115074213,171.2276207460909,0,0,39,39,75488.5423590815,573.8011724899968,0.8324605813991669,-0.245114576409185,-0.2535287174892774
191,2016-08-12T21:20:00,2016-08-12,BTC,stress,2016-08-11T00:00:00,31780.975377301955,31947.39425613749,31633.931447359588,31851.994814281476,10056.14307200351,32356.08564951137,34498.39290254771,28142.116087406142,30005.415006283594,22673.106348243182,42611.21768671615,49447.719871744426,44288.01161466639,bull,False,False,34434.79831010541,32643.501282535453,30852.204254965494,42930.952282161496,36553.64512453139,30176.33796690128,short,10360.933872555332,6262.036297535519,1.654563049504036,expansion,223,105.41745848067653,-0.2015497282315561,-0.2456819421262909,31.005077319625915,29.26893170352938,risk_off,-3.25,-0.75,-1.25,-0.75,-0.5,2.0,paused,loss_pause,30005.415006283594,long,False,False,1,,,0,0,,,,,0.0,,,,,0,0,,,0.0,0.0,-13152.360799099722,12418.397936720587,25399.531115074213,171.2276207460909,0,0,40,40,74211.85128732749,573.8011724899968,0.5749916746770821,-0.2578814871267251,-0.26615332503791633
199,2016-08-13T21:20:00,2016-08-13,BTC,stress,2016-08-12T00:00:00,31851.994814281476,35639.98572975659,26832.651169198678,30005.41500628357,26311.436782940742,31061.80239525936,32406.867280807048,30462.659844051286,31781.780143486016,18441.693625848857,42508.67850696242,48870.718861404304,44207.73163422354,bull,False,False,34498.39290254771,31320.25449497693,28142.116087406142,42930.952282161496,35536.53418478382,28142.116087406142,none,11374.701959908356,6581.542780730828,1.728272889634744,expansion,224,105.77481449222917,-0.2702057251296491,-0.21892133620803444,32.95984786137579,27.780815834802738,risk_off,-3.25,-0.75,-1.25,-0.75,-0.5,2.0,paused,pause_active,31781.780143486016,long,False,False,1,,,0,0,,,,,0.0,,,,,0,0,,,0.0,0.0,-13152.360799099722,12418.397936720587,25399.531115074213,171.2276207460909,0,0,40,40,74868.93138479607,573.8011724899968,0.619173795120842,-0.2513106861520392,-0.25965576384861044
207,2016-08-14T21:20:00,2016-08-14,BTC,expansion,2016-08-13T00:00:00,30005.41500628357,34267.48888680818,26560.84256973997,31781.78014348598,25687.453489857493,31532.618372793135,31797.842346725327,30962.988268700952,31223.421027451055,4276.900725454466,42486.56144915421,48376.037868619205,44133.952606249266,bull,False,False,32406.867280807048,31434.763562429165,30462.659844051286,42930.952282161496,35536.53418478382,28142.116087406142,none,10511.613136754231,6434.004595651831,1.6337590345922495,expansion,225,105.58919522107254,-0.32484527055369194,-0.16339632724344538,31.854833624211672,21.10950057595148,risk_off,-3.25,-0.75,-1.25,-0.75,-0.5,2.0,paused,pause_active,31223.421027451055,long,False,False,1,,,0,0,,,,,0.0,,,,,0,0,,,0.0,0.0,-13152.360799099722,12418.397936720587,25399.531115074213,171.2276207460909,0,0,40,40,75004.5153757155,573.8011724899968,0.594701845488018,-0.24995484624284492,-0.2583150364689756
215,2016-08-15T21:20:00,2016-08-15,BTC,expansion,2016-08-14T00:00:00,31781.78014348598,32507.83748995599,30565.65212334204,31223.4210274511,9458.498260559287,31518.28753514583,32473.78536541258,31088.751747000548,32031.227914426727,6596.294545302601,42451.979713336026,47846.0680149287,44063.850309387075,bull,False,False,32541.33080867841,31711.380062600823,30881.429316523234,42930.952282161496,35536.53418478382,28142.116087406142,none,9607.658945669793,6406.398418238436,1.4996973835279521,expansion,226,104.87931201463026,0.10222173988884121,-0.004204768291521197,25.429606832851466,36.82367817008519,neutral,-1.0,-0.75,0.25,0.0,-0.5,3.5,paused,pause_active,32031.227914426727,long,False,False,1,,,0,0,,,,,0.0,,,,,0,0,,,0.0,0.0,-13152.360799099722,12418.397936720587,25399.531115074213,171.2276207460909,0,0,40,40,75061.75588671553,573.8011724899968,0.0,-0.2493824411328447,-0.25774901152899843
223,2016-08-16T21:20:00,2016-08-16,BTC,expansion,2016-08-15T00:00:00,31223.4210274511,33180.7101427597,30387.08016000878,32031.227914426727,10906.805944171692,32033.579336148625,32086.661341790204,31918.351270445553,31971.24233467626,1495.1602878775705,42440.25222254005,47319.78458829647,44009.34464886265,bull,False,False,32541.33080867841,31815.04127783948,31088.751747000548,37455.61200036177,32798.86404388396,28142.116087406142,none,6740.711966093293,6205.542657955238,1.086240533283901,compression,227,103.11334614660359,0.41825702331637815,0.1308189150152357,22.273733089496986,53.170970403147614,neutral,0.5,-0.75,1.25,0.0,0.0,3.5,paused,pause_active,31971.24233467626,long,False,False,1,,,0,0,,,,,0.0,,,,,0,0,,,0.0,0.0,-13152.360799099722,12418.397936720587,25399.531115074213,171.2276207460909,0,0,40,40,75502.7277042325,746.4915928157948,0.708637667233187,-0.24497272295767503,-0.2533884451716938
231,2016-08-17T21:20:00,2016-08-17,BTC,expansion,2016-08-16T00:00:00,32031.227914426727,32098.652144372776,31899.706843233733,31971.242334676277,6522.2469690395355,30640.588484583925,30747.68305067383,30591.5080155556,30698.431036260965,3287.366549367443,42391.07067844654,46790.89247551057,43969.18938803895,bull,False,False,32586.495703654156,31385.745708528688,30184.99571340322,34498.39290254771,31320.25449497693,28142.116087406142,none,5918.213896721604,6322.3192796935145,0.9360827308627317,compression,228,103.21503728566147,0.552336357101751,0.2377208539587437,20.627669463539632,58.75820847866263,neutral,0.5,-0.75,1.25,0.0,0.0,3.5,paused,pause_active,30698.431036260965,long,False,False,1,,,0,0,,,,,0.0,,,,,0,0,,,0.0,0.0,-13152.360799099722,12418.397936720587,25399.531115074213,171.2276207460909,0,0,40,40,69242.94872656524,746.4915928157948,0.772308894491407,-0.30757051273434755,-0.31528850438155076
239,2016-08-18T21:20:00,2016-08-18,BTC,expansion,2016-08-17T00:00:00,31971.242334676277,33325.164068666,29345.244730933497,30698.43103626099,13700.832143656939,30369.45469955221,30429.029800482193,30240.194124460268,30299.515657722222,2201.406363158228,42370.644784725744,46207.144192469576,43920.829672095526,bull,False,False,31447.852780958012,30846.61387672191,30245.374972485806,34498.39290254771,31320.25449497693,28142.116087406142,none,4990.479647261414,6170.8621634893425,0.8087167587032157,compression,229,102.49930481467813,0.6372919793161045,0.25610502544613645,19.017651432608616,58.43415266450078,risk_on,2.75,0.75,1.25,0.75,0.0,5.0,paused,pause_active,30299.515657722222,long,False,False,1,,,0,0,,,,,0.0,,,,,0,0,,,0.0,0.0,-13152.360799099722,12418.397936720587,25399.531115074213,171.2276207460909,0,0,40,40,69046.71944513897,746.4915928157948,0.0,-0.3095328055486103,-0.31722892499102096
247,2016-08-19T21:20:00,2016-08-19,BTC,expansion,2016-08-18T00:00:00,30698.43103626099,30847.559946070593,29831.418306254902,30299.51565772227,8598.036559143013,30693.816461079266,30710.826291453955,30681.54138967278,30698.544417475925,1608.07980760089,42348.52721117036,45593.125834834136,43876.145373948515,bull,False,False,30947.17763892715,30509.80691209475,30072.43618526235,32586.495703654156,31329.465944458254,30072.43618526235,none,3353.554780736455,6202.891069722901,0.5406438293113967,compression,230,101.89786566681498,0.6932090900917798,0.29623607328434964,18.970965977539194,57.79182481965975,risk_on,2.75,0.75,1.25,0.75,0.0,5.0,paused,pause_active,30698.544417475925,long,False,False,1,,,0,0,,,,,0.0,,,,,0,0,,,0.0,0.0,-13152.360799099722,12418.397936720587,25399.531115074213,171.2276207460909,0,0,40,40,69050.62954620368,746.4915928157948,0.7960403233121369,-0.3094937045379632,-0.31719025980998405
255,2016-08-20T21:20:00,2016-08-20,BTC,expansion,2016-08-19T00:00:00,30299.51565772227,31069.3515354547,29757.281600115977,30698.544417475914,8598.72075799513,30351.395791200528,30424.082370230066,30318.05750373101,30390.664243069365,1948.2529230186603,42328.88847503646,45041.28722899528,43836.82223971095,bull,False,False,30968.38431482042,30485.238558324407,30002.092801828392,32586.495703654156,31294.294252741274,30002.092801828392,none,2795.6380934205545,6200.524245473289,0.45087124616301893,compression,231,102.11524190632346,0.8191997265183751,0.32162933404253585,16.953538827764977,66.40330032212255,risk_on,3.25,0.75,1.25,0.75,0.5,5.0,paused,pause_active,30390.664243069365,long,False,False,1,,,0,0,,,,,0.0,,,,,0,0,,,0.0,0.0,-13152.360799099722,12418.397936720587,25399.531115074213,171.2276207460909,0,0,40,40,68977.52272993585,746.4915928157948,0.7574007158934353,-0.3102247727006415,-0.31791317930470864
263,2016-08-21T21:20:00,2016-08-21,BTC,expansion,2016-08-20T00:00:00,30698.544417475914,31034.231079418707,30089.90657757151,30390.664243069372,8042.2785738173125,29985.58506449573,30006.58563933372,29973.59322899692,29994.585405284797,1961.8148565231381,42306.03647040216,44445.67834875929,43796.83998206349,bull,False,False,30559.20273880227,30071.85470772189,29584.506676641515,32586.495703654156,31085.501190147836,29584.506676641515,none,2602.1556422022627,6237.553263902145,0.4171756988852361,compression,232,101.63203878100013,0.8122155046131895,0.3070642421577269,16.299125831215814,63.35039250302962,risk_on,3.25,0.75,1.25,0.75,0.5,5.0,paused,pause_active,29994.585405284797,long,False,False,1,,,0,0,,,,,0.0,,,,,0,0,,,0.0,0.0,-13152.360799099722,12418.397936720587,25399.531115074213,171.2276207460909,0,0,40,40,68998.4542215235,746.4915928157948,0.758050883641435,-0.310015457784765,-0.3177061974650546
271,2016-08-22T21:20:00,2016-08-22,BTC,expansion,2016-08-21T00:00:00,30390.664243069372,30818.29910903602,29791.21682785019,29994.585405284804,8605.217889533598,30746.40376535528,31332.997762864034,30480.58210412743,31062.104634024097,6222.40409968303,42262.40778290341,43856.53226697572,43755.48298133068,bull,False,False,31508.488583273444,30527.644676350246,29546.80076942705,32586.495703654156,31066.648236540605,29546.80076942705,none,2949.8158632857467,6348.140104467294,0.4646740328257581,compression,233,101.98448547940843,0.7894817206055819,0.33245078687665974,16.688431184123125,63.7440193788889,risk_on,3.25,0.75,1.25,0.75,0.5,5.0,paused,macro_change,31062.104634024097,long,False,False,1,,,0,0,,,,,0.0,,,,,0,0,,,0.0,0.0,-13152.360799099722,12418.397936720587,25399.531115074213,171.2276207460909,0,0,40,40,69227.97966760577,746.4915928157948,0.7785789901057477,-0.30772020332394223,-0.3154365264825246
279,2016-08-23T21:20:00,2016-08-23,BTC,expansion,2016-08-22T00:00:00,29994.585405284804,32696.581757789812,29121.81216799186,31062.104634024105,12653.506834818654,30984.988712369202,31358.912533150855,30186.49497600614,30550.782652281083,5296.620699033082,42230.610413625305,43325.766390113,43718.55164695622,bear,False,True,31715.00749565383,31062.7747157583,30410.54193586277,31715.00749565383,30630.90413254044,29546.80076942705,none,2751.4851868994942,6282.510163378233,0.4379595281736822,compression,234,101.70926303720339,0.8744366081297781,0.3395295086412516,16.153878592954634,66.27827109166147,risk_on,3.25,0.75,1.25,0.75,0.5,5.0,paused,loss_pause,30550.782652281083,long,False,False,1,,,0,0,,,,,0.0,,,,,0,0,,,0.0,0.0,-13155.0285774556,12415.730158364713,25399.531115074213,171.2276207460909,0,0,41,41,69215.47271178497,758.7927904829489,0.8421771613176602,-0.30784527288215036,-0.3155602019842644
287,2016-08-24T21:20:00,2016-08-24,BTC,range,2016-08-23T00:00:00,31062.104634024105,31604.781842727134,29959.676877277867,30550.782652281076,9249.829827623855,30259.753026033948,30383.927516099033,30202.87015671271,30326.811221168362,1638.927588961664,42216.08349581032,42781.20326519076,43675.665069636256,bear,False,False,31715.00749565383,30942.802652031107,30170.597808408384,31715.00749565383,30630.90413254044,29546.80076942705,none,2597.596599615722,6167.075814605088,0.42120393484769575,compression,235,101.46832577053496,0.8523397178644982,0.37505525947846463,16.17363738244716,61.783055167584884,risk_on,3.25,0.75,1.25,0.75,0.5,5.0,paused,pause_active,30326.811221168362,long,False,False,1,,,0,0,,,,,0.0,,,,,0,0,,,0.0,0.0,-13155.0285774556,12415.730158364713,25399.531115074213,171.2276207460909,0,0,41,41,69302.79933679884,758.7927904829489,0.7977695177798081,-0.30697200663201163,-0.3146966693774039
295,2016-08-25T21:20:00,2016-08-25,BTC,range,2016-08-24T00:00:00,30550.782652281076,30717.679498464124,30143.227557343223,30326.811221168384,6347.867340730711,30421.952062307777,30483.550958312095,30288.313812764784,30349.64211572435,1293.0298844441738,42206.0009699906,42218.66450847463,43632.70669344671,bear,False,False,30451.64696204753,30327.25855938012,30202.87015671271,31715.00749565383,30630.90413254044,29546.80076942705,none,2401.5477012696206,6050.471409982643,0.3969191057257652,compression,236,101.67533900263396,0.6295239488370826,0.2687570739611623,18.029029582231892,61.670641221359396,risk_on,3.25,0.75,1.25,0.75,0.5,5.0,paused,pause_active,30349.64211572435,long,False,False,1,,,0,0,,,,,0.0,,,,,0,0,,,0.0,0.0,-13155.0285774556,12415.730158364713,25399.531115074213,171.2276207460909,0,0,41,41,69495.23660508261,763.1835818904688,0.7558038226554441,-0.3050476339491739,-0.31279374623212264
303,2016-08-26T21:20:00,2016-08-26,BTC,range,2016-08-25T00:00:00,30326.811221168384,30407.96184529266,30268.650199439475,30349.64211572438,5317.397096334753,30637.064085283742,30654.53360021548,30624.81171028799,30642.27423881113,1352.7159942609735,42190.761650844084,41672.64525823076,43595.72597405897,bear,False,False,30784.35752327929,30400.89406706806,30017.430610856834,31715.00749565383,30630.90413254044,29546.80076942705,none,2335.328912197063,6022.3946142117275,0.3877741433093943,compression,237,102.35855684295348,0.5080864730889251,0.27351463150867295,17.938267301377454,58.52817673430183,risk_on,2.75,0.75,1.25,0.75,0.0,5.0,paused,pause_active,30642.27423881113,long,False,False,1,,,0,0,,,,,0.0,,,,,0,0,,,0.0,0.0,-13155.0285774556,12415.730158364713,25399.531115074213,171.2276207460909,0,0,41,41,70124.38479015658,774.174890405669,0.6629699485065901,-0.2987561520984342,-0.3065723908061895
311,2016-08-27T21:20:00,2016-08-27,BTC,expansion,2016-08-26T00:00:00,30349.64211572438,30735.86817007242,30111.34753427801,30642.27423881109,6696.951210013374,30921.584669232958,30946.631001050486,30909.21850876224,30934.25482405048,1686.4476105883678,42173.54246114923,41226.932416984666,43558.56689559551,bear,False,False,31023.159928701905,30681.051048087415,30338.942167472927,31715.00749565383,30630.90413254044,29546.80076942705,none,2277.992759782921,6008.81075305535,0.37910875436118724,compression,238,102.56008518141982,0.40464233645558345,0.20007291552118056,18.971019715623292,54.43571529575725,risk_on,2.75,0.75,1.25,0.75,0.0,5.0,paused,pause_active,30934.25482405048,long,False,False,1,,,0,0,,,,,0.0,,,,,0,0,,,0.0,0.0,-13155.0285774556,12415.730158364713,25399.531115074213,171.2276207460909,0,0,41,41,70136.12381299584,833.9033422055436,0.6386467085996691,-0.2986387618700417,-0.30645630903854104
319,2016-08-28T21:20:00,2016-08-28,BTC,expansion,2016-08-27T00:00:00,30642.27423881109,31159.488468448555,30334.80334694538,30934.254824050495,7931.832014730746,30873.86622769616,30899.176154316247,30861.519150785087,30886.81895545905,1516.085777379626,42160.07474286624,40817.82784279989,43531.69336958978,bear,False,False,31023.159928701905,30681.051048087415,30338.942167472927,31715.00749565383,30866.219053255332,30017.430610856834,none,1944.5599578473882,5914.55187425327,0.32877553518674557,compression,239,102.3964846512662,0.557181609430318,0.23520792939970236,18.45262301525341,55.483012054817756,risk_on,2.75,0.75,1.25,0.75,0.0,5.0,paused,pause_active,30886.81895545905,long,False,False,1,,,0,0,,,,,0.0,,,,,0,0,,,0.0,0.0,-13155.0285774556,12415.730158364713,25399.531115074213,171.2276207460909,0,0,41,41,69380.46066810426,844.6028712923447,0.6458781445234525,-0.3061953933189574,-0.31392871238990117
327,2016-08-29T21:20:00,2016-08-29,BTC,expansion,2016-08-28T00:00:00,30934.254824050495,30996.981418659052,30825.54898293062,30886.818955459064,6459.288054021485,31175.12774303692,32338.915888984997,30654.548693969708,31798.903279570346,7134.78069283732,42129.13949541393,40420.58540893234,43511.060394068525,bear,False,False,31801.77241701258,30966.21732769627,30130.66223837996,31801.77241701258,30909.601513934707,30017.430610856834,none,1911.8144710744161,5370.048649728972,0.35601436705250444,compression,240,102.45693277619704,0.6683363549846553,0.3027269418704382,16.687508864974543,59.56265414099179,risk_on,2.75,0.75,1.25,0.75,0.0,5.0,paused,pause_active,31798.903279570346,long,False,False,1,,,0,0,,,,,0.0,,,,,0,0,,,0.0,0.0,-13155.0285774556,12415.730158364713,25399.531115074213,171.2276207460909,0,0,41,41,69464.41338489234,844.6028712923447,0.6464485923329705,-0.30535586615107657,-0.3130985428010786
335,2016-08-30T21:20:00,2016-08-30,BTC,expansion,2016-08-29T00:00:00,30886.818955459064,32854.21035937205,29862.050643021677,31798.90327957038,11566.197231418486,30311.204846995268,30548.32383441088,29801.465267211377,30034.596655532394,6473.892059759212,42065.043830826246,40033.35591497782,43506.63909186796,bear,False,False,32338.915888984997,31037.438375667632,29735.960862350265,32338.915888984997,31037.438375667632,29735.960862350265,none,2673.448428922374,5006.530393247255,0.5339922499078978,compression,241,101.61053747256796,0.7378866426016313,0.24284697061169164,16.054519638727047,62.814026499700624,risk_on,3.25,0.75,1.25,0.75,0.5,5.0,paused,pause_active,30034.596655532394,long,False,False,1,,,0,0,,,,,0.0,,,,,0,0,,,0.0,0.0,-13155.0285774556,12415.730158364713,25399.531115074213,171.2276207460909,0,0,41,41,69394.5574235231,844.6028712923447,0.6466658226054994,-0.30605442576476893,-0.31378931609520677
343,2016-08-31T21:20:00,2016-08-31,BTC,expansion,2016-08-30T00:00:00,31798.90327957038,33792.02844276437,28326.78777450818,30034.596655532358,16749.41494733288,29786.186086638336,29991.112969586105,29692.500548515713,29896.78288149495,2072.808209189698,42049.33001665939,39644.76418952771,43498.33370299207,bear,False,False,31601.96566700442,30606.476687459515,29610.987707914606,32338.915888984997,30974.9517984498,29610.987707914606,none,2743.132195998446,4899.448000876175,0.5598859699108732,compression,242,102.25438730928083,0.7040960731950396,0.3331485351921476,16.129985826031515,65.93625335076753,risk_on,3.25,0.75,1.25,0.75,0.5,5.0,paused,pause_active,29896.78288149495,short,False,False,2,,,0,0,,,,,0.0,,,,,0,0,,,0.0,0.0,-13155.0285774556,12415.730158364713,25399.531115074213,171.2276207460909,0,0,41,41,69243.1538085978,844.6028712923447,0.7960887766163712,-0.3075684619140221,-0.3152864764201797
351,2016-09-01T21:20:00,2016-09-01,BTC,expansion,2016-08-31T00:00:00,30034.596655532358,30168.757706839486,29762.917557899866,29896.782881494968,7026.975937718937,29874.278582743114,31339.707186163858,26917.347566225682,28237.729276616188,15638.393181191033,41964.69306670112,39231.673875914385,43480.47621071208,bear,False,False,32370.601383785623,29345.679484618722,26320.75758545182,32370.601383785623,29345.679484618722,26320.75758545182,none,3800.271364389784,5067.07719659566,0.7499927901124172,compression,243,101.49197057548038,0.8402449835122677,0.34809370899273834,17.97237060310753,66.64648930486663,risk_on,3.25,0.75,1.25,0.75,0.5,5.0,paused,pause_active,28237.729276616188,short,False,False,2,,,0,0,,,,,0.0,,,,,0,0,,,0.0,0.0,-13155.0285774556,12415.730158364713,25399.531115074213,171.2276207460909,0,0,41,41,69382.17699862618,848.295285984751,0.9562366361081539,-0.30617823001373823,-0.3139117403911599
359,2016-09-02T21:20:00,2016-09-02,BTC,expansion,2016-09-01T00:00:00,29896.782881494968,31811.035432599416,26868.10747513122,28237.72927661619,16751.270275540628,29268.03422702022,29413.239460459594,29201.558865835927,29346.43430020974,3945.1617829020183,41916.30575873627,38760.274033311354,43460.75263483789,bear,False,False,31339.707186163858,29128.52737619477,26917.347566225682,32370.601383785623,29345.679484618722,26320.75758545182,none,4256.937797192905,4886.782753153519,0.8711125524141289,compression,244,101.64688646782582,0.7980012915499329,0.3841977674548044,16.684297744222263,59.744504024354,risk_on,2.75,0.75,1.25,0.75,0.0,5.0,paused,loss_pause,29346.43430020974,short,False,False,2,,,0,0,,,,,0.0,,,,,0,0,,,0.0,0.0,-13172.380665462415,12398.378070357896,25399.531115074213,171.2276207460909,0,0,42,42,69402.6611936453,851.6240372227836,0.9600368720009048,-0.305973388063547,-0.3137091816604006
367,2016-09-03T21:20:00,2016-09-03,BTC,expansion,2016-09-02T00:00:00,28237.72927661619,30561.950213466433,27448.385074652368,29346.434300209756,13309.35700941579,29878.204634088972,30009.36674791479,29594.712408243533,29724.630021603196,2516.950488178417,41893.89972557393,38377.771442759244,43446.71197392739,bear,False,False,30069.84438678362,29014.93542139321,27960.0264560028,32370.601383785623,29345.679484618722,26320.75758545182,none,4379.324188132335,4609.994504160087,0.9499629954396706,compression,245,101.7272080446469,0.8177554880086874,0.3355449283376179,16.204716656577546,66.58312242993915,risk_on,3.25,0.75,1.25,0.75,0.5,5.0,paused,pause_active,29724.630021603196,short,False,False,2,,,0,0,,,,,0.0,,,,,0,0,,,0.0,0.0,-13172.380665462415,12398.378070357896,25399.531115074213,171.2276207460909,0,0,42,42,69831.35092102902,851.6240372227836,1.0349012042382641,-0.30168649078970977,-0.30947006721205006
375,2016-09-04T21:20:00,2016-09-04,BTC,expansion,2016-09-03T00:00:00,29346.434300209756,30191.740456105905,28890.93887472526,29724.630021603207,8547.116212637215,30694.99720255117,31062.572665312775,30527.572663133105,30893.14320137401,4906.513449281504,41849.102509267475,37932.24110120793,43433.75823975568,bear,False,False,31523.76877493497,30314.25049538962,29104.732215844273,32370.601383785623,29345.679484618722,26320.75758545182,none,4746.865675485956,3779.9590556502576,1.2557981728374472,expansion,246,101.93558089913302,0.8238888083473163,0.35209944599358706,15.835164148807943,65.0606293841422,risk_on,3.25,0.75,1.25,0.75,0.5,5.0,paused,pause_active,30893.14320137401,short,False,False,2,,,0,0,,,,,0.0,,,,,0,0,,,0.0,0.0,-13172.380665462415,12398.378070357896,25399.531115074213,171.2276207460909,0,0,42,42,70104.58821567774,851.6240372227836,1.035447477959318,-0.2989541178432227,-0.3067681499754451
383,2016-09-05T21:20:00,2016-09-05,BTC,expansion,2016-09-04T00:00:00,29724.630021603207,32136.035900087954,29116.261791048088,30893.14320137403,13317.917779878482,31039.052210188915,31058.748938386136,30996.226028774574,31015.89558037989,1483.997480103486,41835.755366032674,37532.84368333115,43437.5446865365,bear,False,False,31282.004314940034,30679.152943833295,30076.30157272656,32370.601383785623,29345.679484618722,26320.75758545182,none,4025.6625299539605,3734.6882225738173,1.0779112713134629,compression,247,102.01623605618875,0.847813655915137,0.3368173908933815,16.61334795699139,68.34181652901734,risk_on,3.25,0.75,1.25,0.75,0.5,5.0,paused,pause_active,31015.89558037989,short,False,False,2,,,0,0,,,,,0.0,,,,,0,0,,,0.0,0.0,-13172.380665462415,12398.378070357896,25399.531115074213,171.2276207460909,0,0,42,42,70578.93456369246,851.6240372227836,1.0553241339350008,-0.2942106543630755,-0.3020775583215155
391,2016-09-06T21:20:00,2016-09-06,BTC,expansion,2016-09-05T00:00:00,30893.14320137403,31107.701594581686,30804.100355053077,31015.8955803799,6909.623197469813,31499.07319957404,31883.05104927071,31324.20478853972,31706.050969281452,4299.073022262877,41806.36024880194,37162.86763291422,43438.08381757479,bear,False,False,32284.72431627069,31405.920285851615,30527.116255432535,32370.601383785623,29345.679484618722,26320.75758545182,none,4046.000139434339,3347.52052639666,1.2086558118254578,expansion,248,101.33800649443545,0.8207489559227381,0.3501654495150681,15.37660810587408,64.68689402578403,risk_on,3.25,0.75,1.25,0.75,0.5,5.0,paused,pause_active,31706.050969281452,short,False,False,2,,,0,0,,,,,0.0,,,,,0,0,,,0.0,0.0,-13172.380665462415,12398.378070357896,25399.531115074213,171.2276207460909,0,0,42,42,70962.8037166112,945.767059146927,0.9937113137297542,-0.290371962833888,-0.29828165380487337
399,2016-09-07T21:20:00,2016-09-07,BTC,range,2016-09-06T00:00:00,31015.8955803799,32384.84521859183,30270.78978813973,31706.050969281463,10251.92850971169,29341.6694820815,30404.0500039175,27155.994508272044,28139.237797625152,19780.132789903182,41698.40999047548,36737.17651198142,43446.76608138567,bear,False,False,33615.98256053129,30442.807492319935,27269.632424108582,33615.98256053129,30266.665063378485,26917.347566225682,none,4854.694434905777,3377.897561523734,1.4371940967670658,expansion,249,101.58222619333145,0.8570242273210149,0.34236870121252877,16.605538583742828,67.69336276137832,risk_on,3.25,0.75,1.25,0.75,0.5,5.0,paused,pause_active,28139.237797625152,short,False,False,2,,,0,0,,,,,0.0,,,,,0,0,,,0.0,0.0,-13172.380665462415,12398.378070357896,25399.531115074213,171.2276207460909,0,0,42,42,71023.65166851247,961.3716482658155,0.9315105754793187,-0.28976348331487534,-0.29767995655023805
407,2016-09-08T21:20:00,2016-09-08,BTC,stress,2016-09-07T00:00:00,31706.050969281463,33664.78269932868,26234.35794807123,28139.237797625174,20800.0,29875.723742161168,30224.609863478614,29130.241500572894,29470.4219446648,12173.558892314812,41600.10739824089,36264.52906485926,43446.234444653935,bear,False,False,31091.710621071543,28985.03945215304,26878.368283234533,33615.98256053129,30247.17542188291,26878.368283234533,none,5673.691643902122,3699.475576489576,1.5336475472250248,expansion,250,101.7499541779677,0.6537525402899881,0.2590745860760335,17.87824126210502,63.23553757668785,risk_on,3.25,0.75,1.25,0.75,0.5,5.0,paused,pause_active,29470.4219446648,short,False,False,2,,,0,0,,,,,0.0,,,,,0,0,,,0.0,0.0,-13172.380665462415,12398.378070357896,25399.531115074213,171.2276207460909,0,0,42,42,70197.9246391982,1017.8663423811668,1.2217952786222093,-0.29802075360801794,-0.3058451892506392
415,2016-09-09T21:20:00,2016-09-09,BTC,stress,2016-09-08T00:00:00,28139.237797625174,31746.10280099317,26836.00968711087,29470.421944664835,22494.31268067027,29701.63101632703,30118.05156163048,29512.23788963446,29926.003119845933,4757.222410733695,41559.093438490265,35865.85991256159,43457.56499857612,bear,False,False,30647.427898542814,29688.466379825128,28729.504861107438,33615.98256053129,30247.17542188291,26878.368283234533,none,5816.630336162716,3717.552367151081,1.5646397849185507,expansion,251,103.66721358299529,0.32743653974417813,0.04879436391751657,23.66135539526914,46.889648413991786,neutral,0.5,-0.75,1.25,0.0,0.0,3.5,paused,pause_active,29926.003119845933,short,False,False,2,,,0,0,,,,,0.0,,,,,0,0,,,0.0,0.0,-13172.380665462415,12398.378070357896,25399.531115074213,171.2276207460909,0,0,42,42,70250.19363822183,1017.8663423811668,0.0,-0.29749806361778175,-0.3053283252933101
423,2016-09-10T21:20:00,2016-09-10,BTC,stress,2016-09-09T00:00:00,29470.421944664835,30498.85120942328,28888.508406835714,29926.00311984589,13762.570935470925,30200.575503460506,30580.366515796934,30027.66193777674,30405.278454526146,5284.240884387126,41517.18649761728,35432.436023903545,43472.9884081698,bear,False,False,31439.461716903104,30095.83555038828,28752.209383873458,33615.98256053129,30247.17542188291,26878.368283234533,none,5897.307948024544,3856.9262390372005,1.5290175602364335,expansion,252,104.49227436101606,0.03456072035048036,0.026320489312373282,26.11232200794801,35.73477019253692,neutral,0.0,-0.75,1.25,0.0,-0.5,3.5,paused,pause_active,30405.278454526146,short,False,False,2,,,0,0,,,,,0.0,,,,,0,0,,,0.0,0.0,-13172.380665462415,12398.378070357896,25399.531115074213,171.2276207460909,0,0,42,42,70800.38358846503,1366.597807279725,0.8992099355573816,-0.2919961641153497,-0.29988775133403367
431,2016-09-11T21:20:00,2016-09-11,BTC,stress,2016-09-10T00:00:00,29926.00311984589,31213.992350353426,29167.759415841956,30405.27845452615,13917.460566135822,29681.838785498578,31568.995164395827,25955.34336510995,27605.571039746683,31770.28128392774,41300.167089566385,35064.35969769317,43475.10785561248,bear,False,False,31584.638001483407,29644.650235580906,27704.662469678402,33615.98256053129,30247.17542188291,26878.368283234533,none,9134.695402793015,4548.355419922449,2.0083512741290486,expansion,253,105.2943718276396,-0.15144800182749302,-0.08305507434484141,29.759876890350878,29.00219897352594,risk_off,-3.25,-0.75,-1.25,-0.75,-0.5,2.0,paused,pause_active,27605.571039746683,short,False,False,2,,,0,0,,,,,0.0,,,,,0,0,,,0.0,0.0,-13172.380665462415,12398.378070357896,25399.531115074213,171.2276207460909,0,0,42,42,71070.4006877242,1366.597807279725,0.0,-0.2892959931227579,-0.2972176771203199
439,2016-09-12T21:20:00,2016-09-12,BTC,stress,2016-09-11T00:00:00,30405.27845452615,36684.69933123687,25630.80035798376,27605.5710397467,36738.26124469244,30512.182242303683,32048.3409036456,29831.2842889169,31333.162632965257,29891.06975478914,41073.93397676041,34661.333859700775,43449.36851954497,bear,False,False,31727.038417676795,28841.190891393373,25955.34336510995,33615.98256053129,29785.66296282062,25955.34336510995,none,12795.48737868852,5492.846242606794,2.3294821689048484,expansion,254,105.13167202128874,-0.17863194801234308,-0.1251251529300175,28.321708031890164,28.90836384636065,risk_off,-3.25,-0.75,-1.25,-0.75,-0.5,2.0,paused,macro_change,31333.162632965257,short,False,False,2,,,0,0,,,,,0.0,,,,,0,0,,,0.0,0.0,-13172.380665462415,12398.378070357896,25399.531115074213,171.2276207460909,0,0,42,42,70382.41802810904,1387.8351830027402,0.5553777535189087,-0.2961758197189096,-0.3040208194544928
447,2016-09-13T21:20:00,2016-09-13,BTC,mania,2016-09-12T00:00:00,27605.5710397467,36974.80495274443,24475.40461905807,31333.162632965268,37700.0,27874.749782552604,28416.44779020137,27629.335702895078,28166.26450834341,15014.580722926527,40893.71761206208,34380.83608302327,43444.477925048544,bear,False,False,32926.38859524878,29715.70599948149,26505.023403714204,32926.38859524878,29440.86598017937,25955.34336510995,none,14499.973813228466,6193.359687205502,2.341212935393226,expansion,255,105.91309532342915,-0.2025380776115583,-0.22969144315110335,32.05917758291123,23.731556868824832,risk_off,-3.25,-0.75,-1.25,-0.75,-0.5,2.0,paused,loss_pause,28166.26450834341,short,False,False,2,,,0,0,,,,,0.0,,,,,0,0,,,0.0,0.0,-13172.380665462415,12398.378070357896,25399.531115074213,171.2276207460909,0,0,42,42,69982.20842401717,1387.8351830027402,0.598841277869911,-0.30017791575982833,-0.30797830713545116
455,2016-09-14T21:20:00,2016-09-14,BTC,mania,2016-09-13T00:00:00,31333.162632965268,34096.44888300765,24845.294542843927,28166.26450834342,32500.0,26991.131512434244,27019.08804977717,26930.384882233386,26958.278500189812,4404.977348329693,40824.54323769315,34035.14125356616,43420.71278661221,bear,False,False,31105.573781603594,28662.21623048998,26218.858679376364,32926.38859524878,29440.86598017937,25955.34336510995,none,13848.340016707938,6389.156355341388,2.1674755236081538,expansion,256,103.37812046331356,-0.0026815670736604034,-0.1096892781717386,25.31270277228826,47.642420070011156,risk_off,-2.0,-0.75,-1.25,0.0,0.0,2.0,paused,pause_active,26958.278500189812,short,False,False,2,,,0,0,,,,,0.0,,,,,0,0,,,0.0,0.0,-13172.380665462415,12398.378070357896,25399.531115074213,171.2276207460909,0,0,42,42,69957.6482444849,1387.8351830027402,0.5991682356455229,-0.30042351755515107,-0.30822117139194904
463,2016-09-15T21:20:00,2016-09-15,BTC,stress,2016-09-14T00:00:00,28166.26450834342,30525.87900093798,25283.227165445533,26958.27850018982,18809.668546815374,27528.347599765053,27982.65916627646,27322.090154171263,27772.997769796304,5882.302294999944,40762.11718506214,33676.64814260824,43392.45051320721,bear,False,False,28667.364696313733,27676.389786774573,26685.414877235413,32926.38859524878,29440.86598017937,25955.34336510995,none,13983.371310055058,6558.332689926813,2.132153394952445,expansion,257,102.72859965300879,0.15523930243993297,0.03323580454167873,23.295105912299764,59.08893320540711,risk_on,2.0,0.75,1.25,0.0,0.0,5.0,paused,pause_active,27772.997769796304,short,False,False,2,,,0,0,,,,,0.0,,,,,0,0,,,0.0,0.0,-13172.380665462415,12398.378070357896,25399.531115074213,171.2276207460909,0,0,42,42,70005.32719689795,1387.8351830027402,0.0,-0.2999467280310205,-0.3077496962826901
471,2016-09-16T21:20:00,2016-09-16,BTC,mania,2016-09-15T00:00:00,26958.27850018982,29346.362205017827,26089.730497187076,27772.99776979633,17843.546269387138,28969.635907808744,29152.52921975101,28575.530551767693,28755.935767758394,6175.638428896092,40694.74896390861,33333.79100626073,43367.55431675449,bear,False,False,29179.13398312296,27808.234337398793,26437.334691674627,32926.38859524878,29440.86598017937,25955.34336510995,none,14349.855351079204,6666.936315247302,2.152391244275282,expansion,258,103.82972138031872,-0.05381160202889934,-0.055884015297526915,27.466851442961374,48.11471817073313,risk_off,-2.0,-0.75,-1.25,0.0,0.0,2.0,paused,pause_active,28755.935767758394,short,False,False,2,,,0,0,,,,,0.0,,,,,0,0,,,0.0,0.0,-13172.380665462415,12398.378070357896,25399.531115074213,171.2276207460909,0,0,42,42,70005.32719689795,1387.8351830027402,0.0,-0.2999467280310205,-0.3077496962826901
479,2016-09-17T21:20:00,2016-09-17,BTC,mania,2016-09-16T00:00:00,27772.99776979633,29638.800551099594,26735.79576021129,28755.935767758394,16602.615734863757,27597.228419497347,27884.127264183364,27466.40158765766,27751.940365805902,5443.427573704791,40635.1367910337,33004.40285595364,43346.132164429335,bear,False,False,29608.466824625095,28429.66010645367,27250.853388282245,32926.38859524878,29440.86598017937,25955.34336510995,none,12604.870068242764,6792.624041319485,1.8556702080915164,expansion,259,102.9603449225373,0.1381633658748385,-0.027414401022807816,22.073337802713894,60.789447651086,neutral,0.0,-0.75,0.25,0.0,0.5,3.5,paused,pause_active,27751.940365805902,short,False,False,2,,,0,0,,,,,0.0,,,,,0,0,,,0.0,0.0,-13172.380665462415,12398.378070357896,25399.531115074213,171.2276207460909,0,0,42,42,70005.32719689795,1387.8351830027402,0.0,-0.2999467280310205,-0.3077496962826901
487,2016-09-18T21:20:00,2016-09-18,BTC,expansion,2016-09-17T00:00:00,28755.935767758394,30405.329132281302,26406.50216045259,27751.940365805913,16787.496353954273,27572.16511003752,27789.578775949933,27472.843447792133,27689.47393666324,1920.0690293936188,40622.65704974015,32689.828231718457,43318.32093392702,bear,False,False,28089.539933744145,27670.196661013193,27250.853388282245,32926.38859524878,29572.623637312572,26218.858679376364,none,8842.14049154729,6786.367794714159,1.3029268025282028,expansion,260,101.62312988377207,0.2415037097106852,0.09267964979831803,21.13840528221853,65.3503704996101,risk_on,2.5,0.75,1.25,0.0,0.5,5.0,paused,pause_active,27689.47393666324,short,False,False,2,,,0,0,,,,,0.0,,,,,0,0,,,0.0,0.0,-13172.380665462415,12398.378070357896,25399.531115074213,171.2276207460909,0,0,42,42,70005.32719689795,1387.8351830027402,0.0,-0.2999467280310205,-0.3077496962826901
495,2016-09-19T21:20:00,2016-09-19,BTC,expansion,2016-09-18T00:00:00,27751.940365805913,27817.574176802525,27605.750418930187,27689.473936663246,6592.446453739642,26648.869650850458,26951.65866729633,26001.56526539689,26296.99949866507,9317.555167925359,40552.86425182473,32341.10646245096,43288.568876010206,bear,False,False,29690.732660750295,27742.48486991337,25794.237079076443,31105.573781603594,28449.90543034002,25794.237079076443,none,6552.0924923456305,7038.18643600647,0.9309347730298754,compression,261,101.96674684356746,0.48332690288765284,0.146120093785021,19.91949984929202,64.82141413620101,risk_on,3.25,0.75,1.25,0.75,0.5,5.0,paused,pause_active,26296.99949866507,short,False,False,2,,,0,0,,,,,0.0,,,,,0,0,,,0.0,0.0,-13172.380665462415,12398.378070357896,25399.531115074213,171.2276207460909,0,0,42,42,69817.26413346238,1387.8351830027402,0.8455060434166001,-0.30182735866537624,-0.3096093649392643
503,2016-09-20T21:20:00,2016-09-20,BTC,expansion,2016-09-19T00:00:00,27689.473936663246,28585.216473458924,25346.493597360102,26296.999498665074,15733.435673762437,26148.911198912665,26214.211075715022,26007.3496722288,26072.29603717049,2174.5502819807493,40531.3895792052,31992.183939473452,43259.79092010436,bear,False,False,28005.578054888138,26899.907566982292,25794.237079076443,29690.732660750295,27742.48486991337,25794.237079076443,none,5134.552637304045,7058.959009196656,0.7273809963501094,compression,262,101.45219401689639,0.6113058257229815,0.21911449480772208,17.13110351142715,67.87601566795733,risk_on,3.25,0.75,1.25,0.75,0.5,5.0,paused,pause_active,26072.29603717049,short,False,False,2,,,0,0,,,,,0.0,,,,,0,0,,,0.0,0.0,-13172.380665462415,12398.378070357896,25399.531115074213,171.2276207460909,0,0,42,42,70030.9064165819,1387.8351830027402,0.8430015017237271,-0.29969093583418105,-0.30749675520943065
511,2016-09-21T21:20:00,2016-09-21,BTC,expansion,2016-09-20T00:00:00,26296.999498665074,26507.472902456204,25908.42420958944,26072.296037170483,7764.731970721547,25426.01878377465,25436.40091867174,25403.437018419096,25413.80993256731,2425.1199600828472,40495.03671847565,31623.51170943157,43224.73983333194,bear,False,False,26439.937067671497,25822.03932427412,25204.14158087674,29690.732660750295,27447.43712081352,25204.14158087674,none,4732.018823612618,7121.408059839788,0.6644779773677335,compression,263,101.427957323711,0.6759430552524137,0.31427693363583453,16.53417198718253,65.31895603209489,risk_on,3.25,0.75,1.25,0.75,0.5,5.0,paused,pause_active,25413.80993256731,short,False,False,2,,,0,0,,,,,0.0,,,,,0,0,,,0.0,0.0,-13172.380665462415,12398.378070357896,25399.531115074213,171.2276207460909,0,0,42,42,69687.69077163961,1387.8351830027402,0.8445381781419128,-0.3031230922836039,-0.31089065598763266
519,2016-09-22T21:20:00,2016-09-22,BTC,expansion,2016-09-21T00:00:00,26072.296037170483,26816.773641201264,24753.22692338068,25413.809932567325,10913.800901037417,25715.65605456135,25770.93590051092,25690.296978717513,25745.522311346365,1806.0292543817304,40472.57013978238,31228.993042495036,43188.15055726636,bear,False,False,26066.203215556998,25678.41924816231,25290.635280767623,29690.732660750295,27447.43712081352,25204.14158087674,none,3885.7908191451857,7148.100419157958,0.5436116718129331,compression,264,101.8611439618909,0.7510106211613355,0.2524116241811439,16.89645304363406,65.37314109742319,risk_on,3.25,0.75,1.25,0.75,0.5,5.0,paused,pause_active,25745.522311346365,short,False,False,2,,,0,0,,,,,0.0,,,,,0,0,,,0.0,0.0,-13172.380665462415,12398.378070357896,25399.531115074213,171.2276207460909,0,0,42,42,69706.97885511845,1387.8351830027402,0.8441723342771872,-0.3029302114488155,-0.31069992505070276
527,2016-09-23T21:20:00,2016-09-23,BTC,expansion,2016-09-22T00:00:00,25413.809932567325,26067.94759300751,25104.245035054988,25745.522311346373,8577.321399919341,26340.92151285666,26507.537202733263,25981.89862235837,26146.24336485932,4006.665127887442,40444.094736876905,30820.68735770884,43157.66927870765,bear,False,False,26793.578263702137,26140.329707143923,25487.08115058571,29690.732660750295,27447.43712081352,25204.14158087674,none,3270.970806415844,7122.936082053377,0.4592166444757566,compression,265,101.80247285217712,0.7586459319997564,0.28788726108840146,16.1291482910323,64.59056548907162,risk_on,3.25,0.75,1.25,0.75,0.5,5.0,paused,macro_change,26146.24336485932,short,False,False,2,,,0,0,,,,,0.0,,,,,0,0,,,0.0,0.0,-13172.380665462415,12398.378070357896,25399.531115074213,171.2276207460909,0,0,42,42,70031.91494608908,1387.8351830027402,0.815713041375357,-0.2996808505391092,-0.30748678232757143
535,2016-09-24T21:20:00,2016-09-24,BTC,expansion,2016-09-23T00:00:00,25745.522311346373,26499.97095164843,25202.90241000689,26146.24336485932,9036.149542382102,26417.673377688738,26710.5891639423,26284.16957508164,26575.605088233577,3540.518302740075,40417.96655091698,30501.19100486668,43127.01728436265,bear,False,False,26792.408676005532,26387.15364918195,25981.89862235837,29690.732660750295,27447.43712081352,25204.14158087674,none,3309.252142139153,6944.256300103376,0.4765452194052644,compression,266,101.6270468711955,0.811260418036489,0.3193576218339623,16.046017305112315,62.746450433464624,risk_on,3.25,0.75,1.25,0.75,0.5,5.0,paused,loss_pause,26575.605088233577,short,False,False,2,,,0,0,,,,,0.0,,,,,0,0,,,0.0,0.0,-13367.524069733856,12203.234666086453,25399.531115074213,171.2276207460909,0,0,46,46,69978.50181800892,1390.1817863719575,0.8153191836327588,-0.3002149818199108,-0.30801496004798956
543,2016-09-25T21:20:00,2016-09-25,BTC,expansion,2016-09-24T00:00:00,26146.24336485932,26818.76426705441,25762.63355560421,26575.605088233555,9192.383498161704,26126.101130599935,26145.753553056522,26083.379258183977,26102.999544644434,1958.3969239421629,40390.27605331765,30270.704901799574,43099.68279817011,bear,False,False,27068.747555724563,26325.15999241638,25581.572429108193,28005.578054888138,26604.85981788244,25204.14158087674,none,2792.210390805362,6990.8654775731875,0.39940839939816025,compression,267,101.43846907519062,0.7882662933722347,0.33494616143686035,15.845615267285963,65.10463223383897,risk_on,3.25,0.75,1.25,0.75,0.5,5.0,paused,pause_active,26102.999544644434,short,False,False,2,,,0,0,,,,,0.0,,,,,0,0,,,0.0,0.0,-13367.524069733856,12203.234666086453,25399.531115074213,171.2276207460909,0,0,46,46,70382.89690127759,1390.1817863719575,0.7453356496079498,-0.2961710309872241,-0.3040160840992042
551,2016-09-26T21:20:00,2016-09-26,BTC,expansion,2016-09-25T00:00:00,26575.605088233555,26975.190645862553,25949.266186359822,26102.999544644426,9499.026009243975,26306.57578376648,26354.993878063884,26284.359465924037,26332.736670377737,1709.3821757129888,40372.86343475284,30006.84277024508,43060.82183991037,bear,False,False,26469.01136941491,26099.155230295903,25729.29909117689,27068.747555724563,26136.444568300652,25204.14158087674,none,2532.4916538231105,6733.813166608888,0.3760858210888645,compression,268,101.30146043262228,0.8096723460548434,0.2879602366818484,16.421596754808416,65.53121664536756,risk_on,3.25,0.75,1.25,0.75,0.5,5.0,paused,pause_active,26332.736670377737,short,False,False,2,,,0,0,,,,,0.0,,,,,0,0,,,0.0,0.0,-13367.524069733856,12203.234666086453,25399.531115074213,171.2276207460909,0,0,46,46,70411.18950694197,1430.7370464589042,0.7448711955050095,-0.29588810493058026,-0.30373631160690473
559,2016-09-27T21:20:00,2016-09-27,BTC,expansion,2016-09-26T00:00:00,26102.999544644426,26553.98852380155,25905.999646603148,26332.736670377726,7798.2851080166765,26906.578731760215,26975.078079528288,26875.164405424475,26943.583777923825,2444.2428334699202,40341.12721796375,29761.681738849344,43032.64268561284,bear,False,False,27347.741231826574,26659.293855432206,25970.84647903784,27347.741231826574,26319.1882562971,25290.635280767623,none,2519.280744077934,6683.424321676848,0.37694460546324476,compression,269,101.74542558829404,0.8871145738056668,0.40727031678712833,16.12530474427707,64.17691559261634,risk_on,3.25,0.75,1.25,0.75,0.5,5.0,paused,pause_active,26943.583777923825,short,False,False,2,,,0,0,,,,,0.0,,,,,0,0,,,0.0,0.0,-13367.524069733856,12203.234666086453,25399.531115074213,171.2276207460909,0,0,46,46,70538.83028248901,1430.7370464589042,0.7440494510377418,-0.2946116971751098,-0.30247413101041043
567,2016-09-28T21:20:00,2016-09-28,BTC,expansion,2016-09-27T00:00:00,26332.736670377726,27571.290098473455,25885.56824927017,26943.58377792382,10423.205761652858,25965.565271570125,26013.225931802583,25862.13488113688,25909.605691441382,3552.371279133933,40290.407575999896,29564.623165465044,43008.22587415499,bear,False,False,28260.52238746956,26928.22569002705,25595.928992584548,28260.52238746956,26873.801769027632,25487.08115058571,none,3010.5513755163834,6803.786180173069,0.44248177349979617,compression,270,101.4662982163581,0.8218301319162284,0.34775694486424225,17.12571723503512,70.34383090836008,risk_on,3.25,0.75,1.25,0.75,0.5,5.0,paused,pause_active,25909.605691441382,short,False,False,2,,,0,0,,,,,0.0,,,,,0,0,,,0.0,0.0,-13367.524069733856,12203.234666086453,25399.531115074213,171.2276207460909,0,0,46,46,70220.8432265594,1430.7370464589042,0.7660092601550944,-0.29779156773440596,-0.305618557939897
575,2016-09-29T21:20:00,2016-09-29,BTC,expansion,2016-09-28T00:00:00,26943.58377792382,27868.544122867523,24959.25987935419,25909.605691441364,13424.09448113552,25564.1608468216,25753.566025828695,25156.727358361182,25343.113857690987,4241.214877628186,40255.51410937106,29312.97239880924,42976.09229104481,bear,False,False,28260.52238746956,26781.660084968236,25302.797782466914,28260.52238746956,26781.660084968236,25302.797782466914,none,3167.7633275331823,6742.561741976288,0.4698159911257543,compression,271,101.31342673167187,0.8129553040149743,0.3612864658084613,16.87382703420557,69.07577515641142,risk_on,3.25,0.75,1.25,0.75,0.5,5.0,paused,pause_active,25343.113857690987,short,False,False,2,,,0,0,,,,,0.0,,,,,0,0,,,0.0,0.0,-13367.524069733856,12203.234666086453,25399.531115074213,171.2276207460909,0,0,46,46,67259.4243568448,1450.433315956038,0.7042107764046999,-0.327405756431552,-0.3349026595087409
583,2016-09-30T21:20:00,2016-09-30,BTC,expansion,2016-09-29T00:00:00,25909.605691441364,26530.547737651774,24920.497631262413,25343.11385769096,10270.270921915635,24661.35931968738,24733.406925144754,24505.27447241512,24576.866079508884,3162.8814400801866,40211.28476776326,29184.215168417017,42944.38510630652,bear,False,False,26205.36971372532,25328.471077759357,24451.572441793396,28260.52238746956,26356.047414631477,24451.572441793396,none,3422.687751471451,6848.723101880534,0.49975560415512255,compression,272,101.12717390577252,0.8135389576427942,0.35973339849105973,15.818265860883235,66.0200191381078,risk_on,3.25,0.75,1.25,0.75,0.5,5.0,paused,pause_active,24576.866079508884,short,False,False,2,,,0,0,,,,,0.0,,,,,0,0,,,0.0,0.0,-13367.524069733856,12203.234666086453,25399.531115074213,171.2276207460909,0,0,46,46,67074.29552783293,1473.2411325890462,0.7246652192822152,-0.3292570447216707,-0.3367333128781601
591,2016-10-01T21:20:00,2016-10-01,BTC,expansion,2016-09-30T00:00:00,25343.11385769096,26148.361591386725,23845.304831178677,24576.866079508924,11862.44421108799,25836.837463482578,25892.002427142666,25717.17848617591,25772.087962563455,3885.206712279034,40144.70910103369,29038.71259372157,42912.51776257363,bear,False,False,26936.438946632476,25397.707916208114,23858.976885783748,28260.52238746956,26059.749636626653,23858.976885783748,none,3964.8415042050365,6969.316601103861,0.5688996111293108,compression,273,101.45774934864184,0.8760724511304283,0.38558910836148874,16.755420038158213,68.3176451354681,risk_on,3.25,0.75,1.25,0.75,0.5,5.0,paused,pause_active,25772.087962563455,short,False,False,2,,,0,0,,,,,0.0,,,,,0,0,,,0.0,0.0,-13367.524069733856,12203.234666086453,25399.531115074213,171.2276207460909,0,0,46,46,67277.97636602959,1489.0356820543534,0.7239148998995737,-0.3272202363397041,-0.3347192072700761
599,2016-10-02T21:20:00,2016-10-02,BTC,expansion,2016-10-01T00:00:00,24576.866079508924,26823.866345896262,23553.048243108708,25772.087962563426,14971.86433762169,25100.89989954493,25146.88430270526,25001.10666303876,25046.908246760806,2861.644481452894,40110.03500350361,28954.046052847163,42883.99483914065,bear,False,False,26043.74859879473,25429.49147514814,24815.234351501556,28260.52238746956,26059.749636626653,23858.976885783748,none,4224.403652962461,6655.429793914111,0.6347304056644636,compression,274,101.50622855707422,0.8315103033575858,0.3492128458926409,15.585247065361603,65.96945146888015,risk_on,3.25,0.75,1.25,0.75,0.5,5.0,paused,pause_active,25046.908246760806,short,False,False,2,,,0,0,,,,,0.0,,,,,0,0,,,0.0,0.0,-13367.524069733856,12203.234666086453,25399.531115074213,171.2276207460909,0,0,46,46,67056.86679608475,1489.0356820543534,0.7921806036044245,-0.3294313320391524,-0.3369056575457616
607,2016-10-03T21:20:00,2016-10-03,BTC,expansion,2016-10-02T00:00:00,25772.087962563426,26471.517920841423,24400.451471203385,25046.908246760824,11462.340244910887,24497.560816151006,24507.36180054367,24479.549005958823,24489.342784186272,2048.973498298945,40070.09242102585,28819.348614912662,42851.37345986307,bear,False,False,25796.871104269678,24976.33890920927,24155.80671414886,28260.52238746956,26059.749636626653,23858.976885783748,none,4413.832229906883,6388.311605550628,0.6909231268668589,compression,275,101.341458040377,0.8246113775519501,0.3672856202688975,15.570651823606742,71.63441363324357,risk_on,3.25,0.75,1.25,0.75,0.5,5.0,paused,pause_active,24489.342784186272,short,False,False,2,,,0,0,,,,,0.0,,,,,0,0,,,0.0,0.0,-13367.524069733856,12203.234666086453,25399.531115074213,171.2276207460909,0,0,46,46,67006.32415594686,1489.0356820543534,0.7918408869377853,-0.3299367584405314,-0.33740545033849756
615,2016-10-04T21:20:00,2016-10-04,BTC,expansion,2016-10-03T00:00:00,25046.908246760824,25638.006527120102,24090.603992131277,24489.342784186305,10345.415081872112,23682.161873513716,23914.431131534766,23184.403116351164,23411.790469678836,6703.984709699377,40007.334707898284,28684.667050047367,42819.64643181732,bear,False,False,25796.871104269678,24527.28400368605,23257.696903102424,28260.52238746956,25759.109645285993,23257.696903102424,none,4538.03436891637,6444.9855320262395,0.7041186277868426,compression,276,101.26938409516298,0.8146329165000115,0.32574474360887534,15.67874148238037,72.95981767892688,risk_on,3.25,0.75,1.25,0.75,0.5,5.0,paused,loss_pause,23411.790469678836,short,False,False,2,,,0,0,,,,,0.0,,,,,0,0,,,0.0,0.0,-13770.676243321117,11800.082492499194,25399.531115074213,171.2276207460909,0,0,50,50,66638.71722191165,1489.0356820543534,0.7978680438065688,-0.3336128277808835,-0.34104054529375316
623,2016-10-05T21:20:00,2016-10-05,BTC,range,2016-10-04T00:00:00,24489.342784186305,26028.874501771927,22584.851878795613,23411.790469678836,14510.930040634626,23933.389482699433,24093.70627284066,23860.08850131153,24019.914287950774,2529.297789141537,39980.86651166795,28512.27830115241,42779.60799785532,bear,False,False,24632.967607512473,23908.68536193182,23184.403116351164,26936.438946632476,25060.42103149182,23184.403116351164,none,4309.211326683455,6345.827623213206,0.679062146428347,compression,277,101.41955213393526,0.8481315365304675,0.2756928766801383,15.989439332257186,63.49716126848862,risk_on,3.25,0.75,1.25,0.75,0.5,5.0,paused,pause_active,24019.914287950774,short,False,False,2,,,0,0,,,,,0.0,,,,,0,0,,,0.0,0.0,-13770.676243321117,11800.082492499194,25399.531115074213,171.2276207460909,0,0,50,50,66381.67496095921,1489.0356820543534,0.7975602702002204,-0.336183250390408,-0.3435823173322159
631,2016-10-06T21:20:00,2016-10-06,BTC,range,2016-10-05T00:00:00,23411.790469678836,24324.433085831282,22985.683291492915,24019.914287950767,9200.383908420014,22724.9627230097,22893.39983875744,22362.6357756498,22528.38732897375,5732.952142809018,39881.03813255478,28353.251740217896,42744.676735339424,bear,False,False,24951.186241286858,22975.543959457744,20999.90167762863,26936.438946632476,23968.170312130555,20999.90167762863,none,4918.830948248136,5781.695806470255,0.8507592085255519,compression,278,102.33599079355143,0.6046927596079864,0.24326736913117522,17.742712191104857,62.814158982987756,risk_on,1.75,-0.75,1.25,0.75,0.5,5.0,paused,pause_active,22528.38732897375,short,False,False,2,,,0,0,,,,,0.0,,,,,0,0,,,0.0,0.0,-13770.676243321117,11800.082492499194,25399.531115074213,171.2276207460909,0,0,50,50,66145.94515973871,1489.0356820543534,0.7002289360775459,-0.33854054840261294,-0.3459133403132405
639,2016-10-07T21:20:00,2016-10-07,BTC,stress,2016-10-06T00:00:00,24019.914287950767,24860.26207896927,21559.84274583238,22528.387328973753,15200.703736012378,23350.786787564393,23590.13082715285,22838.22240299463,23072.3126911156,8058.313240817459,39817.448981150716,28189.850866072156,42697.981719236894,bear,False,False,24242.15214040369,22859.317148726524,21476.48215704936,26043.74859879473,23521.82513821168,20999.90167762863,none,4834.622143133,4973.585157417638,0.972059789892732,compression,279,102.02215979724322,0.4896342668204629,0.19282531344305337,18.899987783235265,59.24922981905995,risk_on,1.25,-0.75,1.25,0.75,0.0,5.0,paused,pause_active,23072.3126911156,short,False,False,2,,,0,0,,,,,0.0,,,,,0,0,,,0.0,0.0,-13770.676243321117,11800.082492499194,25399.531115074213,171.2276207460909,0,0,50,50,66850.70300368643,1496.0938811335602,0.637949103032528,-0.3314929699631357,-0.3389443159395985
647,2016-10-08T21:20:00,2016-10-08,BTC,stress,2016-10-07T00:00:00,22528.387328973753,24265.52127532115,21905.25499884956,23072.31269111562,16170.60656047709,24469.380973314983,26386.04087557478,23636.061532334006,25487.448432385714,35694.22221365642,39574.53029059258,28045.306806740016,42651.17896745937,bear,False,False,25988.812196627063,23967.350130506107,21945.88806438515,25988.812196627063,23494.356937127846,20999.90167762863,none,8032.448077693258,5127.525017783076,1.566535131439719,expansion,280,103.94271393760597,0.18351663013341027,0.059508785193431335,22.672724619360622,45.75599329345423,neutral,0.5,-0.75,1.25,0.0,0.0,3.5,paused,pause_active,25487.448432385714,short,False,False,2,,,0,0,,,,,0.0,,,,,0,0,,,0.0,0.0,-13770.676243321117,11800.082492499194,25399.531115074213,171.2276207460909,0,0,50,50,66760.5016747085,1527.4119957005805,0.0,-0.33239498325291494,-0.3398362751644307
655,2016-10-09T21:20:00,2016-10-09,BTC,stress,2016-10-08T00:00:00,23072.31269111562,27479.17465612784,19952.851086232888,25487.448432385718,37573.55385986242,25452.68523122221,25462.868341801044,25438.88432456964,25449.06191368159,1943.8067585808615,39553.300708918745,27941.084887038214,42619.277819437746,bear,False,False,26386.04087557478,25011.051203954394,23636.061532334006,26386.04087557478,23692.971276601704,20999.90167762863,none,7757.7687362901925,4941.943782374821,1.5697808550469272,expansion,281,104.2030671586375,0.04096029355300948,-0.056178436594136884,28.33225971647373,37.990183435644795,risk_off,-1.75,-0.75,0.25,-0.75,-0.5,2.0,paused,pause_active,25449.06191368159,short,False,False,2,,,0,0,,,,,0.0,,,,,0,0,,,0.0,0.0,-13770.676243321117,11800.082492499194,25399.531115074213,171.2276207460909,0,0,50,50,66798.91815671348,1538.9369403020742,0.0,-0.3320108184328652,-0.33945639234121505
663,2016-10-10T21:20:00,2016-10-10,BTC,stress,2016-10-09T00:00:00,25487.448432385718,25560.569629758313,25354.218233963915,25449.061913681588,9851.169368282317,25637.540518164875,25760.085194815307,25372.837033786258,25494.116456350464,3002.8863698002006,39527.62579379926,27842.252840450456,42587.97758516401,bear,False,False,26073.521463426503,25606.75850640259,25139.995549378677,26386.04087557478,23692.971276601704,20999.90167762863,none,7446.782808713088,4792.612015558687,1.5538046444272828,expansion,282,105.12873358822094,-0.08101130419405497,-0.11075642468265919,29.278445853904035,30.95930933423681,risk_off,-3.25,-0.75,-1.25,-0.75,-0.5,2.0,paused,pause_active,25494.116456350464,short,False,False,2,,,0,0,,,,,0.0,,,,,0,0,,,0.0,0.0,-13770.676243321117,11800.082492499194,25399.531115074213,171.2276207460909,0,0,50,50,66930.96304833792,1538.9369403020742,0.533018968115815,-0.3306903695166209,-0.3381506614777018
671,2016-10-11T21:20:00,2016-10-11,BTC,range,2016-10-10T00:00:00,25449.061913681588,25633.258150788406,25369.22193767859,25494.116456350457,9925.13272311048,24399.638692299577,24467.273695832915,24253.078682381074,24320.307426341733,3706.3963702253604,39491.63573723139,27752.24346147177,42554.04587472023,bear,False,False,26073.521463426503,25169.292672688774,24265.063881951042,26386.04087557478,23692.971276601704,20999.90167762863,none,7445.73941905612,4648.954582198557,1.6015943557648016,expansion,283,105.6786914808479,-0.1759406568015653,-0.15202284773199506,30.65800548822596,27.75474642399891,risk_off,-3.25,-0.75,-1.25,-0.75,-0.5,2.0,paused,pause_active,24320.307426341733,short,False,False,2,,,0,0,,,,,0.0,,,,,0,0,,,0.0,0.0,-13770.676243321117,11800.082492499194,25399.531115074213,171.2276207460909,0,0,50,50,66845.96002151274,1545.726824498888,0.5338037107420305,-0.3315403997848726,-0.33899121709672075
679,2016-10-12T21:20:00,2016-10-12,BTC,range,2016-10-11T00:00:00,25494.116456350457,26275.22748833226,23382.03010723744,24320.307426341707,12553.216068170414,25176.417295222032,25515.59227247246,24453.7168376917,24783.155643652648,4685.920887487836,39464.35600159483,27617.407517318126,42505.586423773144,bear,False,False,25491.50055646372,24758.954156169857,24026.40775587599,26386.04087557478,23931.26151631207,21476.48215704936,none,6797.903533646815,4500.10765229981,1.5106090918008819,expansion,284,104.58073517036492,-0.005834877112198551,-0.10565064510564308,26.71805927247384,31.996649842930175,risk_off,-2.5,-0.75,-1.25,0.0,-0.5,2.0,paused,pause_active,24783.155643652648,short,False,False,2,,,0,0,,,,,0.0,,,,,0,0,,,0.0,0.0,-13770.676243321117,11800.082492499194,25399.531115074213,171.2276207460909,0,0,50,50,66802.92319668595,1545.726824498888,0.532131503789334,-0.3319707680331405,-0.33941678835322786
687,2016-10-13T21:20:00,2016-10-13,BTC,range,2016-10-12T00:00:00,24320.307426341707,25254.32861193127,24080.74336072964,24783.155643652644,8140.992587053619,26395.18300190613,26681.181891568183,25783.26750876528,26062.63612988202,5997.403751461045,39422.93128202506,27502.05497714556,42450.9891739637,bear,False,False,26885.067413339126,25606.045882838487,24327.024352337845,26885.067413339126,24415.477738862137,21945.88806438515,none,6653.197084331046,4627.182920890237,1.4378504584925764,expansion,285,103.74635533832284,0.11428081172031726,0.02645479910329842,24.548133729402405,39.32229319797735,neutral,0.0,-0.75,1.25,0.0,-0.5,3.5,paused,pause_active,26062.63612988202,short,False,False,2,,,0,0,,,,,0.0,,,,,0,0,,,0.0,0.0,-13770.676243321117,11800.082492499194,25399.531115074213,171.2276207460909,0,0,50,50,66798.52778140889,1545.726824498888,0.0,-0.3320147221859111,-0.3394602525820565
695,2016-10-14T21:20:00,2016-10-14,BTC,stress,2016-10-13T00:00:00,24783.155643652644,27442.93387124261,23839.794458417065,26062.636129882023,13052.807289616574,27275.303835385996,27420.177677150525,27208.997059967158,27353.51871070394,5835.678920036765,39330.8196014071,27416.771475319823,42385.625369264,bear,False,False,27965.651209953965,26724.500577229228,25483.349944504487,27965.651209953965,25800.856371143986,23636.061532334006,none,5472.684048684421,4771.851774364128,1.1468679890866231,compression,286,103.41802890074447,0.13107556369270135,0.028114167250401396,23.134508107868374,44.96346336969488,neutral,0.5,-0.75,1.25,0.0,0.0,3.5,paused,macro_change,27353.51871070394,short,False,False,2,,,0,0,,,,,0.0,,,,,0,0,,,0.0,0.0,-13770.676243321117,11800.082492499194,25399.531115074213,171.2276207460909,0,0,50,50,66711.09646725425,1564.8087517462786,1.173200535523561,-0.3328890353274575,-0.3403248204114122
703,2016-10-15T21:20:00,2016-10-15,BTC,range,2016-10-14T00:00:00,26062.636129882023,29702.976408686234,25627.264941598052,27353.51871070394,23093.82850339211,26138.728761078404,26648.31694123705,25907.872210547615,26412.959721582756,5548.550422358532,39296.12964840796,27356.84900721942,42330.200757276456,bear,False,False,27965.651209953965,26871.845322768248,25778.039435582526,27965.651209953965,25996.02948291498,24026.40775587599,none,4674.746349449784,4853.405466400981,0.9631889158678348,compression,287,104.56451981897335,-0.02136756034538705,-0.033119418687731474,26.477190974921857,40.95616050813922,risk_off,-2.0,-0.75,-1.25,0.0,0.0,2.0,paused,macro_change,26412.959721582756,short,False,False,2,,,0,0,,,,,0.0,,,,,0,0,,,0.0,0.0,-13770.676243321117,11800.082492499194,25399.531115074213,171.2276207460909,0,0,50,50,66676.60641689997,1584.5439198882905,0.0,-0.33323393583100025,-0.340665876567979
711,2016-10-16T21:20:00,2016-10-16,BTC,expansion,2016-10-15T00:00:00,27353.51871070394,28366.27007185634,25604.534158310013,26412.95972158277,10658.500405884382,26515.484574839764,27333.829833762382,26147.74745009819,26954.743267840026,5811.645153102435,39270.66379789723,27272.262716874848,42267.60692301069,bear,False,False,26941.299790903315,26359.66961324292,25778.039435582526,27965.651209953965,25996.02948291498,24026.40775587599,none,4774.278816203031,4839.535290553642,0.9865159627045212,compression,288,104.14014445805506,0.07694012609524556,0.036860403868408366,24.54396844651106,38.63026764223578,neutral,0.0,-0.75,1.25,0.0,-0.5,3.5,paused,macro_change,26954.743267840026,short,False,False,2,,,0,0,,,,,0.0,,,,,0,0,,,0.0,0.0,-13770.676243321117,11800.082492499194,25399.531115074213,171.2276207460909,0,0,50,50,66839.478000004,1633.4053948195008,0.0,-0.33160521999995995,-0.3390553148095349
719,2016-10-17T21:20:00,2016-10-17,BTC,expansion,2016-10-16T00:00:00,26412.95972158277,27488.24686873422,25846.22074411824,26954.743267840036,9936.407909904621,26436.754088928898,26526.617139999213,26395.567790460813,26485.290842254737,2554.5635717893333,39250.479233254824,27192.672485750645,42212.81708394453,bear,False,False,27333.829833762382,26740.78864193029,26147.74745009819,27965.651209953965,25996.02948291498,24026.40775587599,none,4571.875732776304,4851.174327831271,0.9424266010288219,compression,289,102.9146856692616,0.3557101603264737,0.14282966035487346,21.232638665686785,50.683358779402134,neutral,0.5,-0.75,1.25,0.0,0.0,3.5,paused,loss_pause,26485.290842254737,short,False,False,2,,,0,0,,,,,0.0,,,,,0,0,,,0.0,0.0,-14844.45262435114,10726.306111469152,25399.531115074213,171.2276207460909,0,0,57,57,65539.24187392757,1633.4053948195008,0.8655640420249622,-0.3446075812607242,-0.3519127485109592
727,2016-10-18T21:20:00,2016-10-18,BTC,mania,2016-10-17T00:00:00,26954.743267840036,27318.847268158777,26026.412664585307,26485.290842254737,9429.799532028066,26212.559150936413,26399.780670308068,25809.65390281179,25993.99769733856,4866.030295754467,39217.985368282265,27104.641923486553,42149.88706173461,bear,False,False,27059.05015309563,26486.349566150966,25913.648979206297,27965.651209953965,26146.337781145907,24327.024352337845,none,4754.447677996133,4891.652820404788,0.971951169176127,compression,290,102.47676672411188,0.5231106239103667,0.17996364590817476,18.232164839103756,55.36296212019006,risk_on,2.75,0.75,1.25,0.75,0.0,5.0,paused,pause_active,25993.99769733856,short,False,False,2,,,0,0,,,,,0.0,,,,,0,0,,,0.0,0.0,-14844.45262435114,10726.306111469152,25399.531115074213,171.2276207460909,0,0,57,57,65865.68869546165,1633.4053948195008,0.0,-0.34134311304538356,-0.3486846668719874
735,2016-10-19T21:20:00,2016-10-19,BTC,mania,2016-10-18T00:00:00,26485.290842254737,27312.593679438007,25329.708566684047,25993.997697338575,12688.941546885635,25410.209227128184,26127.26372756123,23916.856431654476,24591.769785859356,19110.52912171281,39144.06818400173,26988.543811841915,42082.354458527705,bear,False,False,26399.780670308068,25790.453307611788,25181.12594491551,27965.651209953965,26573.388577434736,25181.12594491551,short,5372.097675003971,5113.8290836006645,1.050503954508675,compression,291,102.00004510717005,0.5058068895698952,0.21935076095298867,19.54514010705055,65.58106945241559,risk_on,3.25,0.75,1.25,0.75,0.5,5.0,paused,pause_active,24591.769785859356,short,False,False,2,,,0,0,,,,,0.0,,,,,0,0,,,0.0,0.0,-14844.45262435114,10726.306111469152,25399.531115074213,171.2276207460909,0,0,57,57,66025.93138306204,1692.3224826603864,0.6807551751763551,-0.3397406861693796,-0.34710010104533473
743,2016-10-20T21:20:00,2016-10-20,BTC,mania,2016-10-19T00:00:00,25993.997697338575,27812.967108237608,22703.803646312725,24591.769785859382,21641.870615307736,24601.084047035933,24789.059037781302,24515.195727830727,24702.514452536077,3112.166071460345,39122.72898196075,26879.687274448457,42000.88932797087,bear,False,False,26127.26372756123,25022.06007960785,23916.856431654476,27965.651209953965,25941.25382080422,23916.856431654476,none,4357.585674780985,5093.720703941162,0.8554818624840173,compression,292,101.53173637865932,0.47271587631947337,0.1973127316052662,18.55011092638421,67.38631242196548,risk_on,3.25,0.75,1.25,0.75,0.5,5.0,paused,pause_active,24702.514452536077,short,False,False,2,,,0,0,,,,,0.0,,,,,0,0,,,0.0,0.0,-14844.45262435114,10726.306111469152,25399.531115074213,171.2276207460909,0,0,57,57,65756.72550212557,1692.3224826603864,0.7692709166094072,-0.3424327449787443,-0.3497621534962375
751,2016-10-21T21:20:00,2016-10-21,BTC,mania,2016-10-20T00:00:00,24591.769785859382,24810.2042808029,24515.724452002,24702.51445253604,9220.22060557611,22830.738888677544,22861.70026859909,22763.497222763926,22794.367414451262,6896.378371987857,38984.15999731953,26775.801905869288,41920.42909993466,bear,False,False,25621.455846179102,23715.657162573985,21809.85847896887,27333.829833762382,24571.844156365623,21809.85847896887,none,5473.987354142044,5557.630353235042,0.9849498808346779,compression,293,101.15985728833337,0.41516576259959087,0.16435516356801283,18.44745984129312,76.93848940487622,risk_on,3.25,0.75,1.25,0.75,0.5,5.0,paused,pause_active,22794.367414451262,short,False,False,2,,,0,0,,,,,0.0,,,,,0,0,,,0.0,0.0,-14844.45262435114,10726.306111469152,25399.531115074213,171.2276207460909,0,0,57,57,63944.17425469952,1692.3224826603864,0.6708215462478025,-0.36055825745300474,-0.3676856344908306
759,2016-10-22T21:20:00,2016-10-22,BTC,mania,2016-10-21T00:00:00,24702.51445253604,27806.51785623375,20767.902281315186,22794.36741445128,27720.44663443402,24333.925999833646,24437.373271446282,24110.28728301506,24212.783831958364,7709.4848963957975,38884.28215081233,26666.934668625985,41838.81972845015,bear,False,False,24732.15004008795,23347.013385446262,21961.87673080457,27333.829833762382,24571.844156365623,21809.85847896887,none,6557.740624326124,5828.828252322732,1.1250529849996742,compression,294,100.51705444819297,0.45141986376138044,0.16034015396882315,19.038342798975638,78.32305481386231,risk_on,3.25,0.75,1.25,0.75,0.5,5.0,paused,pause_active,24212.783831958364,short,False,False,2,,,0,0,,,,,0.0,,,,,0,0,,,0.0,0.0,-14844.45262435114,10726.306111469152,25399.531115074213,171.2276207460909,0,0,57,57,63287.82462224101,1706.0761700641033,0.8600003193487062,-0.36712175377758993,-0.3741759724494865
767,2016-10-23T21:20:00,2016-10-23,BTC,mania,2016-10-22T00:00:00,22794.36741445128,25955.349549752656,20830.222826266807,24212.783831958397,22839.52669090502,25110.13703482376,25166.528275365985,25084.269928241618,25140.603077574408,4302.822697225873,38836.01924786518,26564.261659260956,41752.547318170335,bear,False,False,25408.15377958821,24378.279021966293,23348.404264344375,27059.05015309563,24434.45431603225,21809.85847896887,none,6951.062085897418,5831.001505893943,1.1920871704236955,compression,295,100.46350930409656,0.47082730481236273,0.1712994075240402,17.796528293838016,77.2307515433759,risk_on,3.25,0.75,1.25,0.75,0.5,5.0,paused,pause_active,25140.603077574408,short,False,False,2,,,0,0,,,,,0.0,,,,,0,0,,,0.0,0.0,-14844.45262435114,10726.306111469152,25399.531115074213,171.2276207460909,0,0,57,57,62760.49987577913,1706.0761700641033,0.9626606288891308,-0.3723950012422087,-0.3793904429835526
775,2016-10-24T21:20:00,2016-10-24,BTC,mania,2016-10-23T00:00:00,24212.783831958397,26302.941759514324,22947.526219524327,25140.60307757441,17290.838606656478,24425.321400595927,24495.916649457955,24392.953994069416,24463.455693082855,3288.2398679183057,38791.57967370489,26472.581120380382,41695.00661596681,bear,False,False,25497.33426685303,24652.622381593115,23807.910496333196,26399.780670308068,24104.819574638466,21809.85847896887,none,7190.451197988721,5888.912300824139,1.2210151604707096,expansion,296,100.37211591387857,0.47115886011227354,0.16183654555020988,18.277256459730324,81.16184905130672,risk_on,3.25,0.75,1.25,0.75,0.5,5.0,paused,pause_active,24463.455693082855,short,False,False,2,,,0,0,,,,,0.0,,,,,0,0,,,0.0,0.0,-14844.45262435114,10726.306111469152,25399.531115074213,171.2276207460909,0,0,57,57,63420.06847223974,1706.0761700641033,0.8261255850687683,-0.36579931527760257,-0.37286827417862656
783,2016-10-25T21:20:00,2016-10-25,BTC,mania,2016-10-24T00:00:00,25140.60307757441,26145.447017656945,23242.18333123261,24463.455693082866,14780.299300680057,23143.333660731303,23762.72512836546,21850.48523176934,22435.275837765228,27219.95866857804,38633.46607964517,26343.98737021456,41614.71783401577,bear,False,False,25230.941856487163,23736.954487155606,22242.967117824053,26127.26372756123,23968.56110326505,21809.85847896887,none,8906.073420323086,6379.748662130141,1.3959912673659196,expansion,297,100.80609935801527,0.46846635272877196,0.18123678612863514,19.04544823084401,81.37663281030312,risk_on,3.25,0.75,1.25,0.75,0.5,5.0,paused,pause_active,22435.275837765228,short,False,False,2,,,0,0,,,,,0.0,,,,,0,0,,,0.0,0.0,-14844.45262435114,10726.306111469152,25399.531115074213,171.2276207460909,0,0,57,57,63662.11276691965,1706.0761700641033,0.8191826285751128,-0.36337887233080346,-0.3704748100921872
791,2016-10-26T21:20:00,2016-10-26,BTC,mania,2016-10-25T00:00:00,24463.455693082866,26992.319851902714,19109.75087863167,22435.275837765254,29220.554669326775,23533.890515845684,24612.82812564039,23054.14754587167,24111.09080105718,21202.55782857969,38512.35777992292,26172.374975362265,41534.36720960577,bear,False,False,25230.941856487163,23540.71354412825,21850.48523176934,25621.455846179102,23715.657162573985,21809.85847896887,none,10088.169619572516,6615.794211564204,1.5248614598590005,expansion,298,100.21578943489749,0.4082401428227292,0.16005429189699827,18.126835035917146,80.55074797032209,risk_on,3.25,0.75,1.25,0.75,0.5,5.0,paused,pause_active,24111.09080105718,short,False,False,2,,,0,0,,,,,0.0,,,,,0,0,,,0.0,0.0,-14844.45262435114,10726.306111469152,25399.531115074213,171.2276207460909,0,0,57,57,63006.23782732824,1706.0761700641033,1.1814232915176677,-0.3699376217267176,-0.3769604540326221
799,2016-10-27T21:20:00,2016-10-27,BTC,mania,2016-10-26T00:00:00,22435.275837765254,26081.37823668776,20233.27723465042,24111.090801057166,25684.11613397579,23763.622827956973,23986.462413203128,23285.749223871248,23504.107625566157,7866.2908349138615,38470.200750186865,26020.47577199778,41457.872066739066,bear,False,False,24612.82812564039,23246.37512612717,21879.92212661395,25497.33426685303,23673.909749311184,21850.48523176934,none,9053.595963652104,6663.578807767107,1.358668701133868,expansion,299,100.9048560806597,0.39648023629490725,0.1667636137894718,16.90469285085596,77.17887724545562,risk_on,3.25,0.75,1.25,0.75,0.5,5.0,paused,macro_change,23504.107625566157,short,False,False,2,,,0,0,,,,,0.0,,,,,0,0,,,0.0,0.0,-14844.45262435114,10726.306111469152,25399.531115074213,171.2276207460909,0,0,57,57,62129.18342035124,1706.1470875899831,1.4161880027517624,-0.3787081657964876,-0.3856332394322072
807,2016-10-28T21:20:00,2016-10-28,BTC,mania,2016-10-27T00:00:00,24111.090801057166,24829.658193052288,22799.73629892913,23504.107625566157,14339.829253375532,25356.056176938524,25818.232419719894,25146.487885457485,25604.844232712243,12173.12452524958,38318.778060484314,25927.773168556603,41374.09175976442,bear,False,False,26179.05436439648,24205.036738034672,22231.019111672864,26179.05436439648,24014.76979808291,21850.48523176934,none,9932.959551326872,7191.853525698896,1.381140413362576,expansion,300,100.34710964876808,0.4548374704923788,0.1250001515842844,18.927036337215878,83.83968145904343,risk_on,3.25,0.75,1.25,0.75,0.5,5.0,paused,loss_pause,25604.844232712243,short,False,False,2,,,0,0,,,,,0.0,,,,,0,0,,,0.0,0.0,-14844.45262435114,10726.306111469152,25399.531115074213,171.2276207460909,0,0,57,57,60355.978614786574,1706.1470875899831,1.4871734506884393,-0.39644021385213424,-0.403167641660664
815,2016-10-29T21:20:00,2016-10-29,BTC,mania,2016-10-28T00:00:00,23504.107625566157,27895.245277576705,21667.822477816364,25604.84423271226,28991.55097431679,26773.650811079016,26860.068118298233,26586.525956612924,26672.339280977845,4967.191084143005,38269.25441064968,25850.461614317544,41295.18028598093,bear,False,False,27202.43987092191,25427.799725579247,23653.159580236585,27202.43987092191,24526.462551345627,21850.48523176934,none,10058.703342142102,7229.268307124463,1.3913860870579702,expansion,301,100.574269698584,0.4625772566098562,0.09765134004900183,17.923200046320137,79.71323695491712,risk_on,3.25,0.75,1.25,0.75,0.5,5.0,paused,pause_active,26672.339280977845,short,False,False,2,,,0,0,,,,,0.0,,,,,0,0,,,0.0,0.0,-14844.45262435114,10726.306111469152,25399.531115074213,171.2276207460909,0,0,57,57,59627.68440717731,1706.1470875899831,1.51755185688457,-0.40372315592822694,-0.4103694062491654
823,2016-10-30T21:20:00,2016-10-30,BTC,mania,2016-10-29T00:00:00,25604.84423271226,27748.779712254098,24685.94732639777,26672.339280977856,18081.08696767615,30399.221942270095,30607.75206936819,30303.887727276142,30511.76388842711,10634.171549747114,38159.70624938606,25785.388337540186,41257.57751858077,bear,False,False,32053.028749761,28282.90478126104,24512.78081276108,32053.028749761,26951.75699076517,21850.48523176934,none,12297.687136397504,7880.046494855588,1.5606109868039395,expansion,302,100.34015505487281,0.4398293629522268,0.1693946249904503,17.389910973927975,78.39490907877929,risk_on,3.25,0.75,1.25,0.75,0.5,5.0,paused,pause_active,30511.76388842711,short,False,False,2,,,0,0,,,,,0.0,,,,,0,0,,,0.0,0.0,-14844.45262435114,10726.306111469152,25399.531115074213,171.2276207460909,0,0,57,57,59077.124943502015,1706.1470875899831,1.5410137636958219,-0.40922875056497987,-0.4158136341558746
831,2016-10-31T21:20:00,2016-10-31,BTC,expansion,2016-10-30T00:00:00,26672.339280977856,38447.52626779711,22540.15246599326,30511.76388842714,32500.0,30185.510233162353,30262.25171504922,30150.3159113923,30226.967917753136,1931.4785454003118,38150.73205388184,25787.518046218203,41232.38792520947,bear,False,False,31784.859016893188,29686.763713544242,27588.668410195296,32053.028749761,26951.75699076517,21850.48523176934,none,10803.389644144105,7621.626737830153,1.4174650656297803,expansion,303,100.55275868861472,0.398151456431019,0.13883675100185677,16.99850562645729,80.5858644751323,risk_on,3.25,0.75,1.25,0.75,0.5,5.0,paused,pause_active,30226.967917753136,short,False,False,2,,,0,0,,,,,0.0,,,,,0,0,,,0.0,0.0,-14844.45262435114,10726.306111469152,25399.531115074213,171.2276207460909,0,0,57,57,53942.17331580686,1706.1470875899831,1.692762392258886,-0.46057826684193137,-0.4665907959259745
839,2016-11-01T21:20:00,2016-11-01,BTC,expansion,2016-10-31T00:00:00,30511.76388842714,30734.32390088222,29991.402234444875,30226.967917753103,7912.238781377725,29815.236011197736,29855.257052415876,29796.86595684672,29836.86233991015,1919.3920801568688,38141.015332810144,25839.945983778336,41202.40668704111,bear,False,False,30623.897650101695,30115.90972697067,29607.921803839647,32053.028749761,26966.475438187474,21879.92212661395,none,8905.569637754848,7480.865495546709,1.190446432041353,compression,304,101.02366924956557,0.5835870308327311,0.21156628098262154,17.436521227042974,75.54384462074465,risk_on,3.25,0.75,1.25,0.75,0.5,5.0,paused,pause_active,29836.86233991015,short,False,False,2,,,0,0,,,,,0.0,,,,,0,0,,,0.0,0.0,-14844.45262435114,10726.306111469152,25399.531115074213,171.2276207460909,0,0,57,57,54136.866067112496,1706.1470875899831,1.683078393962581,-0.458631339328875,-0.4646655693522338
847,2016-11-02T21:20:00,2016-11-02,BTC,expansion,2016-11-01T00:00:00,30226.967917753103,30400.38850693792,29443.953751127654,29836.862339910196,8581.375822524202,30588.575670512982,30600.813548193553,30572.530967697327,30584.762426213027,2472.2097650593228,38125.05779652408,25810.01997791723,41168.065773629154,bear,False,False,31039.957173470866,30249.873725630303,29459.79027778974,32053.028749761,27142.023930716932,22231.019111672864,none,8091.28605449712,6666.823795537097,1.213664302919418,expansion,305,101.37983320062558,0.6663109935389468,0.289710497134092,16.175900464279145,70.55691940540741,risk_on,3.25,0.75,1.25,0.75,0.5,5.0,paused,pause_active,30584.762426213027,short,False,False,2,,,0,0,,,,,0.0,,,,,0,0,,,0.0,0.0,-14844.45262435114,10726.306111469152,25399.531115074213,171.2276207460909,0,0,57,57,54494.929178641396,1706.1470875899831,1.696970698736971,-0.45505070821358606,-0.46112484884379756
855,2016-11-03T21:20:00,2016-11-03,BTC,expansion,2016-11-02T00:00:00,29836.862339910196,31550.823995296632,29048.03607249116,30584.762426213027,10761.290689614805,30798.65788425237,31679.754073197033,30402.08778513293,31271.838791300583,5403.703668137172,38113.899234269724,25858.389936274627,41127.00054226425,bear,False,False,31039.957173470866,30318.38526126672,29596.813349062577,32053.028749761,27853.094164998794,23653.159580236585,none,6204.134719639113,6677.1432261182645,0.9291600478736274,compression,306,100.94071553341534,0.7864747052127028,0.3453648384620229,16.851776407185696,71.64986186254174,risk_on,3.25,0.75,1.25,0.75,0.5,5.0,paused,pause_active,31271.838791300583,short,False,False,2,,,0,0,,,,,0.0,,,,,0,0,,,0.0,0.0,-14844.45262435114,10726.306111469152,25399.531115074213,171.2276207460909,0,0,57,57,54327.45324184696,1706.1470875899831,1.7052846848954497,-0.45672546758153043,-0.4627809409264073
863,2016-11-04T21:20:00,2016-11-04,BTC,expansion,2016-11-03T00:00:00,30584.762426213027,31930.73415688664,30108.443403734986,31271.83879130059,10290.522969935151,31248.747365849573,31350.425775995078,31202.14088960878,31303.66764975849,1690.1707639666558,38108.15782186833,25944.66114209684,41084.101371348304,bear,False,False,31679.754073197033,31040.920929164982,30402.08778513293,32053.028749761,28282.90478126104,24512.78081276108,none,5011.535455294142,6623.506009492126,0.7566288077812756,compression,307,101.70067469547405,0.7114076552450183,0.31956595445982167,17.28135159479344,66.83121858820178,risk_on,1.75,-0.75,1.25,0.75,0.5,5.0,paused,pause_active,31303.66764975849,short,False,False,2,,,0,0,,,,,0.0,,,,,0,0,,,0.0,0.0,-14844.45262435114,10726.306111469152,25399.531115074213,171.2276207460909,0,0,57,57,54339.85676154935,1706.1470875899831,1.7046671813926908,-0.45660143238450646,-0.46265828825660416
871,2016-11-05T21:20:00,2016-11-05,BTC,expansion,2016-11-04T00:00:00,31271.83879130059,31370.863474987313,31149.78694190358,31303.667649758485,6363.4538175773105,31814.352410783016,32079.972377575075,31693.049297093912,31957.65649679853,3451.8114737701762,38094.944344545715,26015.274539696085,41042.39207636506,bear,False,False,32633.74700398876,31672.304346857938,30710.861689727117,32633.74700398876,30111.207707092028,27588.668410195296,none,3091.402038774333,6616.423895758783,0.4672315570282556,compression,308,101.51688973637836,0.7868330444390611,0.34152453061237736,17.143694821258137,76.12571969735488,risk_on,1.75,-0.75,1.25,0.75,0.5,5.0,paused,pause_active,31957.65649679853,short,False,False,2,,,0,0,,,,,0.0,,,,,0,0,,,0.0,0.0,-14844.45262435114,10726.306111469152,25399.531115074213,171.2276207460909,0,0,57,57,54025.17010826564,1706.1470875899831,1.7204213689658743,-0.4597482989173436,-0.46577007903073664
879,2016-11-06T21:20:00,2016-11-06,BTC,expansion,2016-11-05T00:00:00,31303.667649758485,32687.150308589236,30916.019659307793,31957.656496798503,10005.326087099747,31603.325087471116,31755.73694530952,31274.129019814867,31424.95327938234,3158.1129478849766,38082.73446027466,26079.30895427689,40996.89779791972,bear,False,False,32215.33066046663,31495.65269683213,30775.974733197632,32633.74700398876,31046.768640889248,29459.79027778974,none,2570.963012889273,6625.473307833616,0.3880421659611095,compression,309,101.72894946574036,0.8357817808599634,0.2982494262869051,14.690521098966117,66.29029570626824,risk_on,1.75,-0.75,1.25,0.75,0.5,5.0,paused,pause_active,31424.95327938234,short,False,False,2,,,0,0,,,,,0.0,,,,,0,0,,,0.0,0.0,-14844.45262435114,10726.306111469152,25399.531115074213,171.2276207460909,0,0,57,57,53188.32476392521,1706.1470875899831,1.7632234682492758,-0.4681167523607479,-0.4740452556062952
887,2016-11-07T21:20:00,2016-11-07,BTC,expansion,2016-11-06T00:00:00,31957.656496798503,32550.156686433664,30676.28087746371,31424.953279382324,9288.964383191756,31381.960471736227,31418.613481097414,31302.334015942393,31338.894024446217,1567.3097495611075,38076.34148846254,26152.76921254842,40944.656397909246,bear,False,False,31854.82826004108,31315.401496619357,30775.974733197632,32633.74700398876,31046.768640889248,29459.79027778974,none,2499.291975246939,6508.092552994493,0.38402833931686614,compression,310,101.54787124714791,0.8752121496652568,0.36340803802329663,16.198616638938077,65.589827590319,risk_on,1.75,-0.75,1.25,0.75,0.5,5.0,paused,loss_pause,31338.894024446217,short,False,False,2,,,0,0,,,,,0.0,,,,,0,0,,,0.0,0.0,-19750.866035272677,5819.8927005476,25399.531115074213,171.2276207460909,0,0,74,74,47667.015158183756,1706.1470875899831,1.980358919940263,-0.5233298484181624,-0.5286429327336608
895,2016-11-08T21:20:00,2016-11-08,BTC,expansion,2016-11-07T00:00:00,31424.953279382324,31522.42475479074,31259.088159052575,31338.894024446225,6683.014968897193,31471.409761420015,32137.209011718438,31170.14414437415,31829.56991399629,4206.250494496276,38067.359651455416,26225.757614304075,40890.590038506925,bear,False,False,31608.66374557468,31301.790332899727,30994.916920224776,32633.74700398876,31115.280176525666,29596.813349062577,none,2430.2351337696623,6160.065012183541,0.39451452686994026,compression,311,101.71943849947188,0.8297763699234454,0.30891513101117996,16.5603123644276,69.7115340974369,risk_on,1.75,-0.75,1.25,0.75,0.5,5.0,paused,pause_active,31829.56991399629,short,False,False,2,,,0,0,,,,,0.0,,,,,0,0,,,0.0,0.0,-19750.866035272677,5819.8927005476,25399.531115074213,171.2276207460909,0,0,74,74,47025.63723072401,1706.1470875899831,2.0210077349213083,-0.5297436276927598,-0.5349852224258838
903,2016-11-09T21:20:00,2016-11-09,BTC,expansion,2016-11-08T00:00:00,31338.894024446225,32215.739966813893,30708.48237433518,31829.56991399627,9053.003710217206,31986.25723113343,32080.8499419459,31942.88927954105,32037.353738646114,1777.666536558713,38060.76473733855,26336.4090226107,40833.70944608747,bear,False,False,32423.210068318083,31796.677106346116,31170.14414437415,32633.74700398876,31517.917394560845,30402.08778513293,none,2308.605898474122,6068.04125144856,0.380453230755973,compression,312,101.28790970536238,0.8497966146305524,0.3094352133463057,16.99061533729197,68.52782924617892,risk_on,1.75,-0.75,1.25,0.75,0.5,5.0,paused,pause_active,32037.353738646114,short,False,False,2,,,0,0,,,,,0.0,,,,,0,0,,,0.0,0.0,-19750.866035272677,5819.8927005476,25399.531115074213,171.2276207460909,0,0,74,74,47733.665895323575,1706.1470875899831,1.9761974310784844,-0.5226633410467643,-0.5279838544195454
911,2016-11-10T21:20:00,2016-11-10,BTC,range,2016-11-09T00:00:00,31829.56991399627,32310.461756282457,31646.25232539402,32037.353738646092,7380.384168273784,31764.197576945517,31870.515963040583,31715.467575377595,31821.62285660881,1269.650388054659,38055.15636697464,26455.710176640212,40773.272333344124,bear,False,False,32231.448807382047,31869.627621629796,31507.806435877545,32633.74700398876,31672.304346857938,30710.861689727117,none,2232.9498068474895,6007.037683619959,0.37172229049541605,compression,313,101.6827579653305,0.8317699171336516,0.3665603257654528,16.20178351690078,67.31542968096663,risk_on,1.75,-0.75,1.25,0.75,0.5,5.0,paused,pause_active,31821.62285660881,short,False,False,2,,,0,0,,,,,0.0,,,,,0,0,,,0.0,0.0,-19750.866035272677,5819.8927005476,25399.531115074213,171.2276207460909,0,0,74,74,47558.57750364448,1706.1470875899831,1.9768787910445378,-0.5244142249635552,-0.529715222547807
919,2016-11-11T21:20:00,2016-11-11,BTC,range,2016-11-10T00:00:00,32037.353738646092,32139.003795613837,31616.302354236315,31821.622856608774,6254.014562039598,32746.387848950704,33124.791941008916,32573.97883720837,32950.39064004519,3184.6473963166122,38042.682111004295,26583.866435121043,40715.98735204534,bear,False,False,33764.051138955925,32495.3923220941,31226.73350523227,33764.051138955925,32270.01293607678,30775.974733197632,none,2325.5180500256347,6055.450238090386,0.38403718280062976,compression,314,101.62001316570289,0.5945154515179614,0.28363511434490585,17.69983272094572,55.784326313611345,risk_on,1.25,-0.75,1.25,0.75,0.0,5.0,paused,pause_active,32950.39064004519,short,False,False,2,,,0,0,,,,,0.0,,,,,0,0,,,0.0,0.0,-19750.866035272677,5819.8927005476,25399.531115074213,171.2276207460909,0,0,74,74,47577.298805409635,1706.1470875899831,1.9757074120977556,-0.5242270119459036,-0.5295300962531114
927,2016-11-12T21:20:00,2016-11-12,BTC,range,2016-11-11T00:00:00,31821.622856608774,33542.35423996646,30559.31013331156,32950.39064004524,10637.70661075497,33116.45697982183,33892.34474769703,32765.948113651266,33533.62378498609,3857.1013125962377,38036.48839710875,26727.96380169502,40667.6520915348,bear,False,False,33437.70054544073,32880.30447625574,32322.908407070754,33764.051138955925,32270.01293607678,30775.974733197632,none,2184.5921945304053,5986.049157978599,0.3649472526664164,compression,315,102.28286892853795,0.5247157493865889,0.19081828585798988,18.783372195468015,55.968406427565824,risk_on,1.25,-0.75,1.25,0.75,0.0,5.0,paused,pause_active,33533.62378498609,short,False,False,2,,,0,0,,,,,0.0,,,,,0,0,,,0.0,0.0,-19750.866035272677,5819.8927005476,25399.531115074213,171.2276207460909,0,0,74,74,47254.549769115416,1706.1470875899831,1.996031522775788,-0.5274545023088458,-0.5327216122040438
935,2016-11-13T21:20:00,2016-11-13,BTC,range,2016-11-12T00:00:00,32950.39064004524,33988.027220858654,32726.852023203024,33533.623784986055,7937.100203002532,34239.50088068104,35225.99803141934,33795.55538326562,34769.261723477524,6198.239900427311,38027.97755902335,26875.711410097556,40625.4916664596,bear,False,False,34970.758136604476,33868.35312512787,32765.948113651266,34970.758136604476,32982.837528414624,30994.916920224776,none,2474.889040791402,5813.787789433487,0.4256930473605337,compression,316,102.49067485238567,0.3705523354207756,0.2059480930384209,20.20238281369082,53.04282052185656,neutral,0.5,-0.75,1.25,0.0,0.0,3.5,paused,pause_active,34769.261723477524,short,False,False,2,,,0,0,,,,,0.0,,,,,0,0,,,0.0,0.0,-19750.866035272677,5819.8927005476,25399.531115074213,171.2276207460909,0,0,74,74,47281.66062181644,1706.1470875899831,0.0,-0.5271833937818355,-0.5324535255202472
943,2016-11-14T21:20:00,2016-11-14,BTC,range,2016-11-13T00:00:00,33533.623784986055,35590.552463762804,32676.540172344,34769.26172347757,10844.872808721457,33676.775582585105,33853.53422509586,33295.249316900205,33470.00544985836,3356.2268348505977,38018.34610670536,27039.584542802433,40584.78219450649,bear,False,False,35890.41365913591,34372.65349510279,32854.893331069674,35890.41365913591,33530.27890175503,31170.14414437415,none,2847.6546196614668,5889.2959484046405,0.4835305687826525,compression,317,102.69568924897281,0.3400273316367585,0.16750319716162282,20.342404872949878,60.55470100684833,neutral,1.0,-0.75,1.25,0.0,0.5,3.5,paused,pause_active,33470.00544985836,short,False,False,2,,,0,0,,,,,0.0,,,,,0,0,,,0.0,0.0,-19750.866035272677,5819.8927005476,25399.531115074213,171.2276207460909,0,0,74,74,47154.61116107684,1706.1470875899831,1.0993907058317922,-0.5284538883892316,-0.5337098588780891
951,2016-11-15T21:20:00,2016-11-15,BTC,stress,2016-11-14T00:00:00,34769.26172347757,35370.45045926867,32305.35337960322,33470.00544985835,11141.10939696522,31208.498986934945,31958.658914892003,29636.10595110228,30348.47020529194,31957.587916996785,37932.058216038866,27186.92466090671,40537.88659878376,bear,False,False,35319.19170924543,32051.05729927826,28782.922889311096,35890.41365913591,32336.668274223506,28782.922889311096,none,6215.378529482263,6289.8346109654385,0.9881624738823225,compression,318,102.82556900894073,0.283304309728716,0.09421398288030111,21.85570264261001,51.16526786883769,neutral,0.5,-0.75,1.25,0.0,0.0,3.5,paused,pause_active,30348.47020529194,short,False,False,2,,,0,0,,,,,0.0,,,,,0,0,,,0.0,0.0,-19750.866035272677,5819.8927005476,25399.531115074213,171.2276207460909,0,0,74,74,46918.271542743154,1706.1470875899831,1.3715767374415795,-0.5308172845725685,-0.5360469120585102
959,2016-11-16T21:20:00,2016-11-16,BTC,stress,2016-11-15T00:00:00,33470.00544985835,37769.38012134552,26396.010715581953,30348.470205291953,37107.2335448526,33270.73271954686,34226.18230113696,31282.415410712725,32180.765650463632,23000.783343705512,37887.236998692446,27267.239331604993,40484.37321683875,bear,False,False,34364.67572094345,31783.570215298118,29202.464709652788,35890.41365913591,32336.668274223506,28782.922889311096,none,8250.759697606478,6459.15243329047,1.2773749780361374,expansion,319,103.57822135908205,0.10692150025965017,-0.001955828245624125,24.155129823600117,45.14836874230796,neutral,-0.5,-0.75,0.25,0.0,0.0,3.5,paused,pause_active,32180.765650463632,short,False,False,2,,,0,0,,,,,0.0,,,,,0,0,,,0.0,0.0,-19750.866035272677,5819.8927005476,25399.531115074213,171.2276207460909,0,0,74,74,47261.26548501291,1707.1801482731862,1.4297127432574974,-0.527387345149871,-0.5326552035955012
967,2016-11-17T21:20:00,2016-11-17,BTC,range,2016-11-16T00:00:00,30348.470205291953,34932.50867431889,28824.231584236873,32180.765650463665,26000.6031711133,31441.8255883919,31665.871160792398,30959.66139154014,31180.27119799979,4169.3360456329065,37875.17329398029,27371.982969055796,40427.49276584887,bear,False,False,34364.67572094345,32823.545565828084,31282.415410712725,35890.41365913591,32336.668274223506,28782.922889311096,none,8275.70108904037,6379.3716858883145,1.2972595886436418,expansion,320,104.5833400008178,-0.072563779868368,-0.08916009268887931,28.903478958268344,31.90378030714889,risk_off,-3.25,-0.75,-1.25,-0.75,-0.5,2.0,paused,macro_change,31180.27119799979,short,False,False,2,,,0,0,,,,,0.0,,,,,0,0,,,0.0,0.0,-19750.866035272677,5819.8927005476,25399.531115074213,171.2276207460909,0,0,74,74,47123.53478919815,1711.724564212977,0.0,-0.5287646521080185,-0.5340171587470113
975,2016-11-18T21:20:00,2016-11-18,BTC,range,2016-11-17T00:00:00,32180.765650463665,32894.99844262112,30269.465974499515,31180.27119799977,10127.006127642588,32546.389610390797,33313.09384789637,32200.06114738554,32958.60683018402,7433.391729248772,37853.55706783941,27477.39627918696,40365.56716303722,bear,False,False,33810.52434779291,31925.948478393344,30041.372608993774,35890.41365913591,32336.668274223506,28782.922889311096,none,9008.102891363418,6455.963550474998,1.3953150170280386,expansion,321,104.07823417033721,0.0341400581298087,-0.028885722516440546,24.844323960645383,36.094629197251294,neutral,-1.0,-0.75,0.25,0.0,-0.5,3.5,paused,macro_change,32958.60683018402,short,False,False,2,,,0,0,,,,,0.0,,,,,0,0,,,0.0,0.0,-19750.866035272677,5819.8927005476,25399.531115074213,171.2276207460909,0,0,74,74,47191.9758397571,1732.2568793806608,0.0,-0.5280802416024291,-0.5333403768515006
983,2016-11-19T21:20:00,2016-11-19,BTC,range,2016-11-18T00:00:00,31180.27119799977,34305.13575450682,30012.399814161578,32958.606830184006,13852.832380710202,34919.171781636294,34939.586283704964,34905.206906084946,34925.61324398573,3054.417180428058,37840.59432173988,27629.706138636822,40313.96550515097,bear,False,False,37221.712733854176,34217.82590423919,31213.939074624206,37221.712733854176,33002.31781158264,28782.922889311096,none,9603.418728165097,6074.033837148782,1.58106111780784,expansion,322,103.64694619824861,0.05253391745988678,0.10123394275107896,24.267714153386116,40.20036943787696,neutral,0.5,-0.75,1.25,0.0,0.0,3.5,paused,loss_pause,34925.61324398573,short,False,False,2,,,0,0,,,,,0.0,,,,,0,0,,,0.0,0.0,-20148.965474645156,5421.793261175109,25399.531115074213,171.2276207460909,0,0,77,77,47150.92569433738,1732.2568793806608,1.0402441977621955,-0.5284907430566262,-0.5337463027541753
991,2016-11-20T21:20:00,2016-11-20,BTC,range,2016-11-19T00:00:00,32958.606830184006,37020.98941830345,31438.463978077856,34925.61324398575,14243.012403185729,37041.398945944544,38598.14516997403,36347.343851214304,37874.920884048646,12622.912914006922,37834.782522879104,27836.681081926356,40268.99110084906,bear,False,False,39088.36084341848,35660.75039342115,32233.13994342382,39088.36084341848,33935.641866364786,28782.922889311096,none,10451.198261223428,5978.514995601698,1.7481261264565222,expansion,323,103.68096469197462,0.10570496628216695,0.0123226932812956,22.933179077995863,47.73484355946371,neutral,0.5,-0.75,1.25,0.0,0.0,3.5,paused,pause_active,37874.920884048646,short,False,False,2,,,0,0,,,,,0.0,,,,,0,0,,,0.0,0.0,-20148.965474645156,5421.793261175109,25399.531115074213,171.2276207460909,0,0,77,77,47278.59153003478,1748.0770692893466,1.0284643945448648,-0.5272140846996523,-0.5324838743494443
999,2016-11-21T21:20:00,2016-11-21,BTC,stress,2016-11-20T00:00:00,34925.61324398575,40767.81682508767,32377.086727054073,37874.92088404867,17846.7189293483,40507.009114183034,40944.43623536169,39571.04835517962,39998.36822259404,12532.887320208125,37842.377331443844,28078.73774035606,40239.40026104068,bear,False,False,41461.85232907002,38851.85202833967,36241.851727609326,41461.85232907002,35332.1585193614,29202.464709652788,none,9886.307475765334,6306.003755173356,1.5677611145814412,expansion,324,103.30180576111914,0.20065885289441548,0.0871285577416071,22.471416673581825,45.72191879593007,neutral,0.5,-0.75,1.25,0.0,0.0,3.5,paused,pause_active,39998.36822259404,short,False,False,2,,,0,0,,,,,0.0,,,,,0,0,,,0.0,0.0,-20148.965474645156,5421.793261175109,25399.531115074213,171.2276207460909,0,0,77,77,47497.18826873784,1748.0770692893466,1.1043323752636456,-0.5250281173126217,-0.5303222722997433
1007,2016-11-22T21:20:00,2016-11-22,BTC,stress,2016-11-21T00:00:00,37874.92088404867,43334.06637723588,34935.39605406655,39998.36822259405,24848.86656970599,38116.201814539185,38604.62843536099,37074.41097625491,37549.48793592154,14340.869141095804,37847.36560676805,28377.766939872723,40213.038455164016,bear,False,False,41461.85232907002,39420.12371089522,37378.39509272041,41461.85232907002,35751.6124690319,30041.372608993774,none,8831.43446666632,6058.903455828442,1.4575961691831887,expansion,325,103.92407004807069,-0.027227150817592485,-0.03946013358910236,27.034204772022697,37.61122042821288,risk_off,-2.5,-0.75,-1.25,0.0,-0.5,2.0,paused,pause_active,37549.48793592154,short,False,False,2,,,0,0,,,,,0.0,,,,,0,0,,,0.0,0.0,-20148.965474645156,5421.793261175109,25399.531115074213,171.2276207460909,0,0,77,77,47615.1477668979,1772.0145366768388,0.0,-0.523848522331021,-0.5291558253778116
1015,2016-11-23T21:20:00,2016-11-23,BTC,stress,2016-11-22T00:00:00,39998.36822259405,44350.111357924165,34039.78035362397,37549.48793592156,27288.83894832457,40095.54288481634,41875.43894186521,39303.31556414154,41048.043565518834,26004.602016841603,37863.55820488012,28638.969842907434,40172.928186042205,bear,False,False,42575.23094337067,39611.53155340752,36647.832163444364,42575.23094337067,36308.30177618222,30041.372608993774,none,10327.277378560188,6453.631605856386,1.6002272843074337,expansion,326,104.64163406505027,-0.17237178193740443,-0.12041159294873013,27.99186160996382,30.484326847828257,risk_off,-2.5,-0.75,-1.25,0.0,-0.5,2.0,paused,pause_active,41048.043565518834,short,False,False,2,,,0,0,,,,,0.0,,,,,0,0,,,0.0,0.0,-20148.965474645156,5421.793261175109,25399.531115074213,171.2276207460909,0,0,77,77,48099.64857734055,1938.8806320384701,0.5864226149573789,-0.5190035142265945,-0.5243648209412939
1023,2016-11-24T21:20:00,2016-11-24,BTC,stress,2016-11-23T00:00:00,37549.48793592156,47527.42496218028,33989.45327189578,41048.04356551888,34613.340882251454,39083.50251557395,39737.372935531006,37697.32515716682,38328.0047085185,21330.553642472714,37881.017130319684,28991.694904824235,40146.127166277416,bear,False,False,42569.08276266203,40074.125172582426,37579.16758250283,42575.23094337067,36894.58500899744,31213.939074624206,none,12266.412592866967,6414.191882608207,1.9123862861238674,expansion,327,105.36520583629357,-0.17359000881832126,-0.11444869590797675,28.778488218497856,27.324046823614786,risk_off,-3.25,-0.75,-1.25,-0.75,-0.5,2.0,paused,pause_active,38328.0047085185,short,False,False,2,,,0,0,,,,,0.0,,,,,0,0,,,0.0,0.0,-20148.965474645156,5421.793261175109,25399.531115074213,171.2276207460909,0,0,77,77,47996.706737514854,1938.8806320384701,0.5899205491872743,-0.5200329326248514,-0.5253827651855101
1031,2016-11-25T21:20:00,2016-11-25,BTC,stress,2016-11-24T00:00:00,41048.04356551888,42449.826722144804,33406.53106748843,38328.00470851845,28811.005181074128,40367.667686751054,42161.14328277223,39569.41694674944,41327.42744647603,26536.45656120075,37898.00511758338,29277.85671323559,40100.526866662614,bear,False,False,42569.08276266203,40074.125172582426,37579.16758250283,42575.23094337067,37404.18544339725,32233.13994342382,none,13842.218099786527,7020.656406549512,1.9716415813873525,expansion,328,105.23729682173914,-0.24770282622499984,-0.21885650314353017,29.757366541297493,29.998208418207078,risk_off,-3.25,-0.75,-1.25,-0.75,-0.5,2.0,paused,pause_active,41327.42744647603,short,False,False,2,,,0,0,,,,,0.0,,,,,0,0,,,0.0,0.0,-20148.965474645156,5421.793261175109,25399.531115074213,171.2276207460909,0,0,77,77,48296.60307270736,1938.8806320384701,0.5484128434175817,-0.5170339692729264,-0.5224172290265716
1039,2016-11-26T21:20:00,2016-11-26,BTC,stress,2016-11-25T00:00:00,38328.00470851845,44300.60165075503,35870.97657517083,41327.42744647605,30728.9570729538,37812.36760941871,38282.27345267589,36809.47389816737,37266.916474909456,17609.306481194442,37926.70664280716,29653.837515585634,40086.430706630395,bear,False,False,47722.89980041061,42670.82766695828,37618.755533505944,47722.89980041061,41982.375764009965,36241.851727609326,none,15478.94073987684,7709.765728173359,2.00770571838688,expansion,329,105.94078235332911,-0.29660616842263177,-0.20869106565630977,31.146403273028017,22.534064163593115,risk_off,-3.25,-0.75,-1.25,-0.75,-0.5,2.0,paused,pause_active,37266.916474909456,short,False,False,2,,,0,0,,,,,0.0,,,,,0,0,,,0.0,0.0,-20148.965474645156,5421.793261175109,25399.531115074213,171.2276207460909,0,0,77,77,48514.14819751415,1945.8236533496042,0.607234513851658,-0.5148585180248585,-0.5202660259003273
1047,2016-11-27T21:20:00,2016-11-27,BTC,stress,2016-11-26T00:00:00,41327.42744647605,44533.01443523442,33492.194650770514,37266.91647490946,37700.0,37038.96543785272,38007.97034041579,36602.068374754934,37559.64327674827,5954.852544318777,37925.70483558815,29937.729591261508,40057.10185754531,bear,False,False,38633.84170512287,37721.657801645124,36809.47389816737,47722.89980041061,42185.36598192749,36647.832163444364,none,14034.19777093292,7693.063950814719,1.8242663600172797,expansion,330,105.67974334122033,-0.31539396143842346,-0.18696332120199394,31.789895109780012,30.36327182397802,risk_off,-3.25,-0.75,-1.25,-0.75,-0.5,2.0,paused,pause_active,37559.64327674827,short,False,False,2,,,0,0,,,,,0.0,,,,,0,0,,,0.0,0.0,-20148.965474645156,5421.793261175109,25399.531115074213,171.2276207460909,0,0,77,77,48501.7970178071,1945.8236533496042,0.6081103291690003,-0.514982029821929,-0.5203881610041234
1055,2016-11-28T21:20:00,2016-11-28,BTC,stress,2016-11-27T00:00:00,37266.91647490946,38197.612252492596,36967.22124622917,37559.64327674827,11637.287341191477,39191.61887728074,39295.802552187786,38965.819998955536,39069.40342927948,5573.977429687517,37927.589535783634,30179.173488148765,40011.95028880731,bear,False,False,40015.40255726007,38308.73546600751,36602.068374754934,47722.89980041061,42162.48408758277,36602.068374754934,none,13531.871678171097,7884.523961734589,1.716257283742733,expansion,331,105.91478039625088,-0.3303380845315304,-0.22030115438586909,31.844967893642707,31.852581171877578,risk_off,-3.25,-0.75,-1.25,-0.75,-0.5,2.0,paused,pause_active,39069.40342927948,short,False,False,2,,,0,0,,,,,0.0,,,,,0,0,,,0.0,0.0,-20148.965474645156,5421.793261175109,25399.531115074213,171.2276207460909,0,0,77,77,48794.413271228674,1945.8236533496042,0.6027833375192994,-0.5120558672877132,-0.5174946142068351
1063,2016-11-29T21:20:00,2016-11-29,BTC,stress,2016-11-28T00:00:00,37559.64327674827,41430.612449499284,35692.72106322761,39069.40342927946,20568.031261944438,38500.36355845172,38868.78337630658,38332.26242614209,38699.073641302784,3759.6344075917614,37928.83522177768,30451.58031846072,39960.73920383266,bear,False,False,39366.41013611767,38813.872571271786,38261.33500642591,47722.89980041061,42162.48408758277,36602.068374754934,none,11335.244733710391,7942.254992211409,1.4272073541867296,expansion,332,106.24950823712155,-0.30103844717305156,-0.21263446160016533,33.83794087390544,22.89182697575053,risk_off,-3.25,-0.75,-1.25,-0.75,-0.5,2.0,paused,macro_change,38699.073641302784,short,False,False,2,,,0,0,,,,,0.0,,,,,0,0,,,0.0,0.0,-20148.965474645156,5421.793261175109,25399.531115074213,171.2276207460909,0,0,77,77,48695.51898380961,1945.8236533496042,0.6013509969053445,-0.5130448101619038,-0.5184725340772645
1071,2016-11-30T21:20:00,2016-11-30,BTC,stress,2016-11-29T00:00:00,39069.40342927946,39422.21357016153,38256.346496194405,38699.07364130273,12117.90445141296,38131.380181165776,38284.183457367006,37800.9132541549,37952.39225547062,4223.331149710818,37929.567428063805,30715.679462159766,39917.80580548308,bear,False,False,39074.63411143515,38305.90187371128,37537.16963598741,47722.89980041061,42162.48408758277,36602.068374754934,none,9517.504921353062,7975.566724956209,1.193332743561909,compression,333,106.15967524748062,-0.3462150220782168,-0.1873648523040188,32.64934291576755,19.04182394853857,risk_off,-3.25,-0.75,-1.25,-0.75,-0.5,2.0,paused,loss_pause,37952.39225547062,short,False,False,2,,,0,0,,,,,0.0,,,,,0,0,,,0.0,0.0,-20534.04983970054,5036.708896119715,25399.531115074213,171.2276207460909,0,0,83,83,48515.99873373877,1945.8236533496042,0.6037341206099971,-0.5148400126626123,-0.5202477268034611
1079,2016-12-01T21:20:00,2016-12-01,BTC,stress,2016-11-30T00:00:00,38699.07364130273,39698.42309440438,36649.39575325508,37952.392255470644,14933.853294689095,36731.29172768652,38623.18029849463,32927.85153045879,34623.83942093598,32289.657095301256,37925.54671574937,30988.321158742343,39840.66961541898,bear,False,False,44361.78058841609,39477.968642415275,34594.15669641446,47722.89980041061,41158.528248412535,34594.15669641446,none,10556.829024971186,8818.459310202408,1.197128506649409,compression,334,106.28291395293023,-0.3325570621795192,-0.21429249461382258,31.59468617547195,24.47459597010675,risk_off,-3.25,-0.75,-1.25,-0.75,-0.5,2.0,paused,pause_active,34623.83942093598,short,False,False,2,,,0,0,,,,,0.0,,,,,0,0,,,0.0,0.0,-20534.04983970054,5036.708896119715,25399.531115074213,171.2276207460909,0,0,83,83,48005.77151959655,1945.8236533496042,0.8170028189602925,-0.5199422848040345,-0.5252931277478972
1087,2016-12-02T21:20:00,2016-12-02,BTC,stress,2016-12-01T00:00:00,37952.392255470644,41668.39113694783,29625.942515913594,34623.83942093598,35378.64892945363,32600.06578401711,32810.59496655705,32146.513047154865,32354.113214533823,9957.296992876025,37893.00515852188,31185.13483428801,39742.230571936816,bear,False,False,38623.18029849463,34919.98375526771,31216.78721204079,44361.78058841609,37789.28390022844,31216.78721204079,none,9362.286907944293,9294.833368320693,1.0072571004719137,compression,335,106.14053282218644,-0.3269512079653134,-0.23047211895763658,31.524961839030222,25.984025052364736,risk_off,-3.25,-0.75,-1.25,-0.75,-0.5,2.0,paused,pause_active,32354.113214533823,short,False,False,2,,,0,0,,,,,0.0,,,,,0,0,,,0.0,0.0,-20534.04983970054,5036.708896119715,25399.531115074213,171.2276207460909,0,0,83,83,48133.43074782791,1963.2994966589113,0.810022957252841,-0.5186656925217209,-0.524030764681342
1095,2016-12-03T21:20:00,2016-12-03,BTC,range,2016-12-02T00:00:00,34623.83942093598,39269.812345996,28812.697872189507,32354.11321453384,28595.813410556642,33605.579989580794,34051.64461861401,32654.82852007927,33088.27332223619,4930.145983937937,37885.05141614371,31310.964375981046,39636.80547519111,bear,False,False,33875.95321121385,32546.37021162732,31216.78721204079,44361.78058841609,37789.28390022844,31216.78721204079,none,8983.331089813455,9328.095569072224,0.9630402072206622,compression,336,106.2149692902685,-0.3149760903975637,-0.2043015326622568,32.28211221913048,23.84090494280391,risk_off,-3.25,-0.75,-1.25,-0.75,-0.5,2.0,paused,pause_active,33088.27332223619,short,False,False,2,,,0,0,,,,,0.0,,,,,0,0,,,0.0,0.0,-20534.04983970054,5036.708896119715,25399.531115074213,171.2276207460909,0,0,83,83,48640.81460976199,1963.2994966589113,0.7596231012681799,-0.51359185390238,-0.5190134803318633
1103,2016-12-04T21:20:00,2016-12-04,BTC,stress,2016-12-03T00:00:00,32354.11321453384,33655.4624379863,31787.974953050107,33088.27332223619,8700.293550640115,34124.21790264747,39084.94234670561,32061.14703429251,36721.95761319863,35180.49957078318,37840.41034944706,31425.65946821169,39520.11538981829,bear,False,False,36944.94235435189,33795.64652120532,30646.350688058756,44361.78058841609,37504.06563823742,30646.350688058756,none,11660.626609715866,10204.841319847015,1.1426563377362418,compression,337,105.01322665962887,-0.13982443455922597,-0.09734416854285385,27.972556944127128,25.22366993628519,risk_off,-2.5,-0.75,-1.25,0.0,-0.5,2.0,paused,pause_active,36721.95761319863,short,False,False,2,,,0,0,,,,,0.0,,,,,0,0,,,0.0,0.0,-20534.04983970054,5036.708896119715,25399.531115074213,171.2276207460909,0,0,83,83,48046.42187278652,1980.445109206397,0.9459782588977342,-0.5195357812721348,-0.5248911552056816
1111,2016-12-05T21:20:00,2016-12-05,BTC,expansion,2016-12-04T00:00:00,33088.27332223619,42869.53930507119,27900.812063565532,36721.95761319862,37700.0,37376.32524998835,37403.29591652557,37317.69159511308,37344.61995174575,1956.59901716201,37839.45770404463,31631.839426044007,39425.95089047065,bear,False,False,39084.94234670561,35573.04469049906,32061.14703429251,44361.78058841609,37504.06563823742,30646.350688058756,none,11531.266663675104,10248.00556613639,1.1252205699203692,compression,338,105.15036133836273,-0.14064984042065848,-0.14745139298864693,31.077391816262733,30.435406588208203,risk_off,-3.25,-0.75,-1.25,-0.75,-0.5,2.0,paused,pause_active,37344.61995174575,short,False,False,2,,,0,0,,,,,0.0,,,,,0,0,,,0.0,0.0,-20534.04983970054,5036.708896119715,25399.531115074213,171.2276207460909,0,0,83,83,48247.36448194854,2002.0766982453524,0.9382567234122496,-0.5175263551805146,-0.5229041266781109
1119,2016-12-06T21:20:00,2016-12-06,BTC,expansion,2016-12-05T00:00:00,36721.95761319862,37904.08533556884,36164.80314261472,37344.61995174575,9289.789949862838,37217.874704360634,37326.63181961505,36982.26216878949,37090.33078315851,2279.1216231782564,37839.0604311951,31839.63695972212,39335.332633642414,bear,False,False,37714.622630480364,37182.553103510436,36650.483576540515,44361.78058841609,37504.06563823742,30646.350688058756,none,11167.262937438683,10171.322634031654,1.0979164990868315,compression,339,104.46949430659653,0.14473282812279128,-0.006033212592263082,24.483391921272048,46.96006405042214,neutral,1.0,0.75,0.25,0.0,0.0,3.5,paused,pause_active,37090.33078315851,short,False,False,2,,,0,0,,,,,0.0,,,,,0,0,,,0.0,0.0,-20534.04983970054,5036.708896119715,25399.531115074213,171.2276207460909,0,0,83,83,48193.347548625636,2002.0766982453524,0.0,-0.5180665245137437,-0.5234382751493192
1127,2016-12-07T21:20:00,2016-12-07,BTC,expansion,2016-12-06T00:00:00,37344.61995174575,37634.37670726797,36895.913059971645,37090.33078315852,7440.72937246748,37145.3315899789,37175.800492155046,37130.47642857326,37160.93314562572,1254.3625271472206,37838.57236220951,32051.7377585402,39246.29739428916,bear,False,False,37641.994905221494,37297.29786098891,36952.60081675633,39084.94234670561,34865.646517382185,30646.350688058756,none,8554.057923731585,10137.961201114456,0.8437651076028231,compression,340,102.83129454364459,0.4748161582024484,0.14825497903916482,23.52230665065109,57.194810064537315,risk_on,2.0,0.75,1.25,0.0,0.0,5.0,paused,pause_active,37160.93314562572,short,False,False,2,,,0,0,,,,,0.0,,,,,0,0,,,0.0,0.0,-20534.04983970054,5036.708896119715,25399.531115074213,171.2276207460909,0,0,83,83,48690.76795762027,2151.302820943744,0.0,-0.5130923204237973,-0.5185195147779373
1135,2016-12-08T21:20:00,2016-12-08,BTC,expansion,2016-12-07T00:00:00,37090.33078315852,37251.536142283,37003.710411160755,37160.933145625706,6527.292766391801,37669.157614076605,38406.556552929076,37335.11612724681,38065.975980716896,5502.161133063073,37838.22381127604,32275.07646750594,39163.348562840765,bear,False,False,38688.85364579521,37629.069532135116,36569.285418475025,39084.94234670561,34865.646517382185,30646.350688058756,none,6314.879264813989,10127.180809867556,0.6235574720519457,compression,341,102.93878629964875,0.6294612029394111,0.2587540464765683,20.50599763241477,56.73271857341146,risk_on,2.0,0.75,1.25,0.0,0.0,5.0,paused,pause_active,38065.975980716896,short,False,False,2,,,0,0,,,,,0.0,,,,,0,0,,,0.0,0.0,-20534.04983970054,5036.708896119715,25399.531115074213,171.2276207460909,0,0,83,83,48792.75990467437,2151.302820943744,0.9654935632304408,-0.5120724009532562,-0.5175109635840212
1143,2016-12-09T21:20:00,2016-12-09,BTC,expansion,2016-12-08T00:00:00,37160.933145625706,38883.631495811074,36332.646529406265,38065.97598071686,10632.640940138328,38306.1772234491,38393.56059365976,38116.67676544391,38203.62785058001,1765.0494635233981,37838.52457334252,32544.56059140309,39074.41037735064,bear,False,False,38515.74589909176,37925.431013169284,37335.11612724681,39084.94234670561,34865.646517382185,30646.350688058756,none,5651.036218879149,10019.956862109666,0.5639780985733049,compression,342,101.88835432738334,0.6563608192618041,0.2531247497807228,18.805266919532894,62.74920463298318,risk_on,3.25,0.75,1.25,0.75,0.5,5.0,paused,pause_active,38203.62785058001,short,False,False,2,,,0,0,,,,,0.0,,,,,0,0,,,0.0,0.0,-20534.04983970054,5036.708896119715,25399.531115074213,171.2276207460909,0,0,83,83,48499.70046407891,2151.302820943744,0.9684084499218855,-0.5150029953592109,-0.5204088928543014
1151,2016-12-10T21:20:00,2016-12-10,BTC,expansion,2016-12-09T00:00:00,38065.97598071686,38358.878689057,37932.087018429374,38203.62785058003,6843.681500847791,38376.480210406895,38426.06148744418,38353.7210782287,38403.27295114056,1535.0313101483482,37838.929788482186,32814.58285936397,38985.25147181336,bear,False,False,38561.94185185091,38287.27831485048,38012.61477785006,39084.94234670561,35573.04469049906,32061.14703429251,none,3108.058419269591,9145.446495501772,0.33984764120574135,compression,343,101.8019256858343,0.7407845571396994,0.29642402707774124,17.921456232553602,59.558705410592395,risk_on,2.75,0.75,1.25,0.75,0.0,5.0,paused,macro_change,38403.27295114056,short,False,False,2,,,0,0,,,,,0.0,,,,,0,0,,,0.0,0.0,-20534.04983970054,5036.708896119715,25399.531115074213,171.2276207460909,0,0,83,83,48422.92219979408,2151.302820943744,0.9693301565116279,-0.5157707780020593,-0.5211681176004492
1159,2016-12-11T21:20:00,2016-12-11,BTC,expansion,2016-12-10T00:00:00,38203.62785058003,38612.23487643752,37975.29919578375,38403.272951140556,7140.561541358894,38409.73469722641,39354.48761215249,37983.29639655795,38917.56033438568,4618.662729160008,37839.64333708057,33126.760970097755,38889.34946341096,bear,False,False,38818.96956324456,38166.40713881107,37513.84471437758,38818.96956324456,37694.12749085979,36569.285418475025,long,2042.5603668320043,8679.740087351565,0.23532506115113955,compression,344,101.90022915269334,0.829891511323354,0.32901039444757385,16.144064301081343,61.29483585460691,risk_on,3.25,0.75,1.25,0.75,0.5,5.0,paused,loss_pause,38917.56033438568,short,False,False,2,,,0,0,,,,,0.0,,,,,0,0,,,0.0,0.0,-20611.288958078734,4959.469777741524,25399.531115074213,171.2276207460909,0,0,86,86,48132.5087036754,2151.302820943744,0.97521003187294,-0.518674912963246,-0.5240398823495278
1167,2016-12-12T21:20:00,2016-12-12,BTC,expansion,2016-12-11T00:00:00,38403.272951140556,39380.95930283747,37916.312803300425,38917.56033438564,8639.358923389671,37943.56141553824,38515.42483838423,37683.66783081419,38251.61428779321,3542.533549516924,37840.433425755626,33420.8565001463,38793.02971753546,bear,False,False,39441.91707887073,38483.09200148989,37524.266924109055,39441.91707887073,38005.60124867287,36569.285418475025,none,2159.8049220521284,8653.23306260755,0.24959514050131182,compression,345,101.7719879748895,0.8263071362737548,0.3849311447729551,16.39502554721322,56.28323256501008,risk_on,2.75,0.75,1.25,0.75,0.0,5.0,paused,pause_active,38251.61428779321,short,False,False,2,,,0,0,,,,,0.0,,,,,0,0,,,0.0,0.0,-20611.288958078734,4959.469777741524,25399.531115074213,171.2276207460909,0,0,86,86,48302.54241412959,2151.302820943744,0.9078610818572589,-0.5169745758587041,-0.5223584976261476
1175,2016-12-13T21:20:00,2016-12-13,BTC,range,2016-12-12T00:00:00,38917.56033438564,39800.06987840268,37697.00386874711,38251.61428779324,9372.379479659608,38249.23073441222,38307.75080580213,38122.17235801261,38180.498034244374,1389.2939077562462,37840.63412872532,33683.07672435068,38708.9595562842,bear,False,False,38515.42483838423,38099.54633459921,37683.66783081419,39441.91707887073,38005.60124867287,36569.285418475025,none,2092.96701804749,8424.541518093412,0.2484369046733782,compression,346,101.76517350926892,0.823871077964049,0.32098759426444295,17.40647291661119,61.15844641223478,risk_on,3.25,0.75,1.25,0.75,0.5,5.0,paused,pause_active,38180.498034244374,short,False,False,2,,,0,0,,,,,0.0,,,,,0,0,,,0.0,0.0,-20611.288958078734,4959.469777741524,25399.531115074213,171.2276207460909,0,0,86,86,33093.996245372386,2151.302820943744,1.325450842944143,-0.6690600375462761,-0.6727487768517466
1183,2016-12-14T21:20:00,2016-12-14,BTC,range,2016-12-13T00:00:00,38251.61428779324,38361.15511496058,38086.81057617282,38180.4980342444,5490.300461889946,39304.78266924056,39416.778526835886,39062.125747978185,39173.43017394223,2641.6056937343915,37842.84189737714,33957.41757117391,38620.17352178409,bear,False,False,40082.999058953596,38829.54780352393,37576.09654809426,40082.999058953596,38709.0575931002,37335.11612724681,none,2177.7781879221766,8281.598826592512,0.2629659119600496,compression,347,102.3590223352069,0.606923526635101,0.2371860826970218,18.59205052386736,56.76610402657716,risk_on,2.75,0.75,1.25,0.75,0.0,5.0,paused,pause_active,39173.43017394223,short,False,False,2,,,0,0,,,,,0.0,,,,,0,0,,,0.0,0.0,-20611.288958078734,4959.469777741524,25399.531115074213,171.2276207460909,0,0,86,86,33254.875106906286,2151.302820943744,1.320662370053034,-0.6674512489309372,-0.671157920195291
1191,2016-12-15T21:20:00,2016-12-15,BTC,range,2016-12-14T00:00:00,38180.4980342444,39803.852475116546,37357.33171283721,39173.43017394228,9205.121023095915,39183.84062123862,39434.21179995717,38644.39637939355,38891.32069612659,2185.180104963728,37843.84053377229,34292.18065789745,38546.39331799889,bear,False,False,40082.999058953596,39310.87765153762,38538.75624412166,40082.999058953596,38798.42188666559,37513.84471437758,none,2068.3578810084928,7937.126183760165,0.2605927930490102,compression,348,102.24696282156714,0.4903067239966744,0.25389563115729175,20.22348283951594,53.24379309067467,risk_on,2.0,0.75,1.25,0.0,0.0,5.0,paused,pause_active,38891.32069612659,short,False,False,2,,,0,0,,,,,0.0,,,,,0,0,,,0.0,0.0,-20611.288958078734,4959.469777741524,25399.531115074213,171.2276207460909,0,0,86,86,33164.47549600958,2151.302820943744,1.326528706390191,-0.6683552450399042,-0.6720518401383142
1199,2016-12-16T21:20:00,2016-12-16,BTC,range,2016-12-15T00:00:00,39173.43017394228,39431.92294655216,38747.18754813979,38891.32069612659,6327.506835763655,37736.98314053055,37785.906855761496,37630.720968074726,37679.50692082885,2498.486643255654,37844.59123470974,34587.78525579884,38470.572965473075,bear,False,False,39527.963765031374,38489.50293849222,37451.04211195307,40082.999058953596,38767.020585453334,37451.04211195307,none,2286.3580972842833,7542.446233633258,0.3031321704474287,compression,349,102.20900130592969,0.37699018283211705,0.14449215081843544,18.698846031088703,52.51326935051439,risk_on,2.75,0.75,1.25,0.75,0.0,5.0,paused,pause_active,37679.50692082885,short,False,False,2,,,0,0,,,,,0.0,,,,,0,0,,,0.0,0.0,-20611.288958078734,4959.469777741524,25399.531115074213,171.2276207460909,0,0,86,86,33287.48214883164,2151.302820943744,1.3195486208169251,-0.6671251785116836,-0.6708354842382007
1207,2016-12-17T21:20:00,2016-12-17,BTC,range,2016-12-16T00:00:00,38891.32069612659,40369.11838135539,36268.55210590614,37679.50692082882,10138.140020479308,37397.142175842346,37472.81684908812,37362.423988253075,37438.02840780168,1380.6119159838827,37844.42223019807,34871.293241704094,38376.92560548137,bear,False,False,38846.05449967701,38049.26656277393,37252.47862587085,40082.999058953596,38667.73884241222,37252.47862587085,none,2154.398370970978,7163.919027835329,0.3007290231226912,compression,350,102.55628280902665,0.3581335017128959,0.14817972867902834,20.581897214082204,53.9535275555676,risk_on,2.0,0.75,1.25,0.0,0.0,5.0,paused,pause_active,37438.02840780168,short,False,False,2,,,0,0,,,,,0.0,,,,,0,0,,,0.0,0.0,-20611.288958078734,4959.469777741524,25399.531115074213,171.2276207460909,0,0,86,86,33595.97656668142,2151.302820943744,1.1139014108063923,-0.6640402343331858,-0.6677849256164125
1215,2016-12-18T21:20:00,2016-12-18,BTC,range,2016-12-17T00:00:00,37679.50692082882,37882.771991898,37240.341270840254,37438.02840780164,6202.982263270964,36452.58736676014,36584.91525596131,36391.948646996105,36524.05640933194,2354.228561879798,37842.95821529648,35107.95692520588,38281.236983091265,bear,False,False,37996.12274554124,36845.448718577056,35694.77469161287,40082.999058953596,37888.886875283235,35694.77469161287,none,2186.6913430583186,6623.5499768374875,0.3301388757849136,compression,351,102.93444925816387,0.35279157408545836,0.08674477313000688,19.857198831343275,51.02679895715816,risk_on,2.75,0.75,1.25,0.75,0.0,5.0,paused,pause_active,36524.05640933194,short,False,False,2,,,0,0,,,,,0.0,,,,,0,0,,,0.0,0.0,-20611.288958078734,4959.469777741524,25399.531115074213,171.2276207460909,0,0,86,86,33252.83295115184,2175.778573497764,1.0994174665136747,-0.6674716704884815,-0.6711781141290651
1223,2016-12-19T21:20:00,2016-12-19,BTC,range,2016-12-18T00:00:00,37438.02840780164,38171.033869898405,35656.62228470611,36524.056409331955,9055.675248294165,36807.22617799173,36844.07923999033,36727.1439452708,36763.91682531075,1485.7132718855578,37842.16743632734,35304.99126777295,38174.62978332993,bear,False,False,37085.49914101983,36390.13691631635,35694.77469161287,40082.999058953596,37888.886875283235,35694.77469161287,none,2181.386568743865,5975.211682015664,0.36507268442211926,compression,352,103.59448843745427,0.27867542183200583,0.13536552506982535,20.36444679840571,50.283201293089604,neutral,0.5,-0.75,1.25,0.0,0.0,3.5,paused,pause_active,36763.91682531075,short,False,False,2,,,0,0,,,,,0.0,,,,,0,0,,,0.0,0.0,-20611.288958078734,4959.469777741524,25399.531115074213,171.2276207460909,0,0,86,86,33414.38941712858,2225.0749287096196,0.0,-0.6658561058287142,-0.6695805569556612
1231,2016-12-20T21:20:00,2016-12-20,BTC,stress,2016-12-19T00:00:00,36524.056409331955,36927.710686867526,36379.82272193899,36763.91682531078,6221.132304367927,36490.84044907584,36648.01307655277,36151.08501110751,36306.794250670435,4480.807764941528,37840.25007956705,35430.034326510635,38062.80459257234,bear,False,False,37480.087716121816,36838.927181763924,36197.76664740604,40082.999058953596,37888.886875283235,35694.77469161287,none,2293.3776597444394,5438.97211996431,0.42165644705667077,compression,353,102.8858193034171,0.25789756992652946,0.07462101022867111,20.77269116328957,48.147542654525935,risk_on,2.0,0.75,1.25,0.0,0.0,5.0,paused,pause_active,36306.794250670435,short,False,False,2,,,0,0,,,,,0.0,,,,,0,0,,,0.0,0.0,-20611.288958078734,4959.469777741524,25399.531115074213,171.2276207460909,0,0,86,86,33557.99388915847,2268.1562703185873,0.0,-0.6644200611084153,-0.6681605187477366
1239,2016-12-21T21:20:00,2016-12-21,BTC,range,2016-12-20T00:00:00,36763.91682531078,37471.435117298264,35841.84695166887,36306.79425067044,12962.753834669225,36018.08324657404,36105.217859783086,35829.163543227754,35915.84112364119,1944.742874200602,37838.70869703127,35551.63085316898,37952.73835311069,bear,False,False,37186.47052496517,36529.80491766533,35873.139310365485,39527.963765031374,37611.36922832212,35694.77469161287,none,2334.1453581934966,4745.899659689541,0.4918235794193313,compression,354,104.26168537224332,0.032838589383491185,-0.02903392076756077,25.089990203200422,35.496422729752645,neutral,-1.0,-0.75,0.25,0.0,-0.5,3.5,paused,macro_change,35915.84112364119,short,False,False,2,,,0,0,,,,,0.0,,,,,0,0,,,0.0,0.0,-20611.288958078734,4959.469777741524,25399.531115074213,171.2276207460909,0,0,86,86,33557.99388915847,2268.1562703185873,0.0,-0.6644200611084153,-0.6681605187477366
1247,2016-12-22T21:20:00,2016-12-22,BTC,range,2016-12-21T00:00:00,36306.79425067044,36579.998838224594,35628.326060443105,35915.841123641185,6888.924343878387,36372.826856454456,37321.66104130109,35945.00120268985,36882.6749790522,4909.216654480838,37835.46174520546,35673.210428843595,37856.269537395674,bear,False,False,36860.61143491538,35768.443746098405,34676.27605728144,38846.05449967701,36761.165278479224,34676.27605728144,none,2466.0605156373385,4771.0725951430295,0.5168775922939839,compression,355,103.56593194717671,0.16147445683447093,0.013789594808837777,24.312908046461654,42.99619158362311,neutral,0.5,-0.75,1.25,0.0,0.0,3.5,paused,loss_pause,36882.6749790522,short,False,False,2,,,0,0,,,,,0.0,,,,,0,0,,,0.0,0.0,-20752.246330664064,4818.512405156194,25399.531115074213,171.2276207460909,0,0,89,89,33477.72350812601,2268.1562703185873,1.8529498256180765,-0.6652227649187399,-0.6689542754213244
1255,2016-12-23T21:20:00,2016-12-23,BTC,range,2016-12-22T00:00:00,35915.841123641185,37729.57063209911,35190.785635934546,36882.67497905221,9343.901777559831,38267.062111654835,38360.87409161768,38224.03626363401,38317.74276541876,2594.4934056634775,37834.47158484076,35799.16867990038,37771.72060876837,bear,False,False,38859.49730066931,37294.52400027083,35729.55069987234,38859.49730066931,36767.886678975374,34676.27605728144,none,2844.338695583964,4642.189888903777,0.6127148530444188,compression,356,102.86920756004342,0.23434034250761954,0.05657666333285802,22.368806549945774,49.316021331697186,risk_on,2.0,0.75,1.25,0.0,0.0,5.0,paused,pause_active,38317.74276541876,short,False,False,2,,,0,0,,,,,0.0,,,,,0,0,,,0.0,0.0,-20752.246330664064,4818.512405156194,25399.531115074213,171.2276207460909,0,0,89,89,32641.290974751333,2268.1562703185873,0.0,-0.6735870902524866,-0.6772253699001645
1263,2016-12-24T21:20:00,2016-12-24,BTC,range,2016-12-23T00:00:00,36882.67497905221,39608.95868940809,35855.31982047268,38317.74276541881,11154.69448141852,39186.76102041839,42763.316925366526,37645.33316821783,41081.20373089013,15581.370196979788,37840.65844929197,35940.08675938274,37688.29325326776,bear,False,False,41016.36220388737,38544.04789438841,36071.73358488945,41016.36220388737,37846.31913058441,34676.27605728144,long,3713.565532932001,4853.767128662296,0.7650893490548369,compression,357,103.703684483234,0.19964560117124575,0.05572400325482514,21.343612884500583,50.54214249217249,neutral,0.5,-0.75,1.25,0.0,0.0,3.5,paused,pause_active,41081.20373089013,short,False,False,2,,,0,0,,,,,0.0,,,,,0,0,,,0.0,0.0,-20752.246330664064,4818.512405156194,25399.531115074213,171.2276207460909,0,0,89,89,32959.164721719964,2363.518394409177,0.0,-0.6704083527828004,-0.6740820634305884
1271,2016-12-25T21:20:00,2016-12-25,BTC,range,2016-12-24T00:00:00,38317.74276541881,43395.68866486846,36611.13856874346,41081.20373089007,16063.471878614815,41776.71020062949,41828.77669057595,41752.80949372569,41804.84619612044,1721.1401304381172,37845.6319439634,36135.637481005375,37603.33984298992,bear,False,False,42763.316925366526,40204.325046792175,37645.33316821783,42763.316925366526,38719.796491323985,34676.27605728144,none,3846.694854079242,4785.98414784593,0.8037416621637908,compression,358,103.77996967959669,0.21643235647100875,0.08181952091100411,22.459022034119442,47.21252189346728,neutral,0.5,-0.75,1.25,0.0,0.0,3.5,paused,pause_active,41804.84619612044,short,False,False,2,,,0,0,,,,,0.0,,,,,0,0,,,0.0,0.0,-20752.246330664064,4818.512405156194,25399.531115074213,171.2276207460909,0,0,89,89,32552.489877882468,2363.518394409177,2.469114917426958,-0.6744751012211754,-0.678103482877267
1279,2016-12-26T21:20:00,2016-12-26,BTC,expansion,2016-12-25T00:00:00,41081.20373089007,42415.50942182543,40458.78325087809,41804.846196120474,7924.007068195472,43368.35138268734,44308.38012248178,42943.15866194033,43873.971156138374,6757.847664872334,37863.54585329035,36332.58127499181,37501.63786980535,bear,False,False,44097.81758099285,41903.90237432896,39709.98716766506,44097.81758099285,39387.04681913715,34676.27605728144,none,4579.345475101452,4131.360831455658,1.1084351287437535,compression,359,102.88360177542212,0.2296698548532343,0.06474709577791973,22.690710505674144,47.89123698375603,neutral,0.5,-0.75,1.25,0.0,0.0,3.5,paused,pause_active,43873.971156138374,short,False,False,2,,,0,0,,,,,0.0,,,,,0,0,,,0.0,0.0,-20752.246330664064,4818.512405156194,25399.531115074213,171.2276207460909,0,0,89,89,32751.52694842504,2367.7667983116517,2.5076579307530062,-0.6724847305157496,-0.6761352973398068
1287,2016-12-27T21:20:00,2016-12-27,BTC,expansion,2016-12-26T00:00:00,41804.846196120474,45759.352672700574,39813.77361579045,43873.97115613839,15124.235129297274,45021.70593218292,45515.26851063782,44796.73192908528,45287.82816943159,4413.43928913232,37879.24799681395,36581.561632526944,37392.155302525505,bear,False,False,46600.94759732518,43155.46738249512,39709.98716766506,46600.94759732518,40638.611827303306,34676.27605728144,none,4917.5687181051035,3765.8644041380485,1.3058273454300495,expansion,360,102.748793547876,0.4172423233069725,0.2510133148950861,20.528272153174576,56.87345172621705,neutral,0.5,-0.75,1.25,0.0,0.0,3.5,paused,pause_active,45287.82816943159,short,False,False,2,,,0,0,,,,,0.0,,,,,0,0,,,0.0,0.0,-20752.246330664064,4818.512405156194,25399.531115074213,171.2276207460909,0,0,89,89,33571.88005059086,2367.7667983116517,2.1203372920350114,-0.6642811994940914,-0.6680232049195761
1295,2016-12-28T21:20:00,2016-12-28,BTC,expansion,2016-12-27T00:00:00,43873.97115613839,46784.70646298661,42604.74772251126,45287.82816943157,12050.587305392997,47568.78960034353,47588.76516089826,47549.765889499206,47569.73346142755,3159.9167129875896,37911.44461332957,36860.540315426646,37311.94236131304,bear,False,False,48632.65426480612,46106.14547662512,43579.636688444116,48632.65426480612,42181.102482339236,35729.55069987234,none,5710.450937670556,3961.1430440808354,1.4416169459478936,expansion,361,102.45296040156687,0.5475800315893466,0.2532784666290951,16.608093476850293,63.00306467574568,risk_on,3.25,0.75,1.25,0.75,0.5,5.0,paused,pause_active,47569.73346142755,short,False,False,2,,,0,0,,,,,0.0,,,,,0,0,,,0.0,0.0,-20752.246330664064,4818.512405156194,25399.531115074213,171.2276207460909,0,0,89,89,33864.810373666405,2398.2758283190715,0.0,-0.661351896263336,-0.6651265524327346
1303,2016-12-29T21:20:00,2016-12-29,BTC,expansion,2016-12-28T00:00:00,45287.82816943157,50010.51959827729,42521.435085778736,47569.733461427575,15281.594488180694,47586.60587852018,47654.23014235819,47439.7551923557,47507.1707699602,1635.1872812859742,37918.27106358941,37175.34358637527,37253.52821099429,bear,False,False,48632.65426480612,46207.36261952971,43782.0709742533,48632.65426480612,42352.19392484779,36071.73358488945,none,5307.624232368004,3067.7660681037123,1.7301267810321739,expansion,362,102.09252513828692,0.6992899709632021,0.29973547616514523,16.835361700134477,59.392524936202236,risk_on,2.75,0.75,1.25,0.75,0.0,5.0,paused,pause_active,47507.1707699602,short,False,False,2,,,0,0,,,,,0.0,,,,,0,0,,,0.0,0.0,-20752.246330664064,4818.512405156194,25399.531115074213,171.2276207460909,0,0,89,89,34714.454652314715,2604.2964543181597,1.8600570953085545,-0.6528554534768529,-0.6567248131152154
1311,2016-12-30T21:20:00,2016-12-30,BTC,expansion,2016-12-29T00:00:00,47569.733461427575,47689.48597056641,47394.35853985577,47507.17076996018,6418.797173683459,48564.818700246324,48642.411451754204,48529.20948740205,48606.74534552748,2403.02957877745,37933.87508692039,37484.73992700155,37203.11877319076,bull,True,False,49801.02444414614,48489.75337031117,47178.4822964762,49801.02444414614,43723.17880618198,37645.33316821783,none,4868.246403447956,3083.5278266047603,1.578791137036156,expansion,363,101.88707102184148,0.7810537369718583,0.24495390835735492,17.170167665340202,62.930107043296815,risk_on,3.25,0.75,1.25,0.75,0.5,5.0,paused,pause_active,48606.74534552748,long,False,False,3,,,0,0,,,,,0.0,,,,,0,0,,,0.0,0.0,-20752.246330664064,4818.512405156194,25399.531115074213,171.2276207460909,0,0,89,89,34511.92326155967,2604.2964543181597,1.8651042947451502,-0.6548807673844033,-0.65872755236916
1319,2016-12-31T21:20:00,2016-12-31,BTC,expansion,2016-12-30T00:00:00,47507.17076996018,50061.94641517742,46524.11546945978,48606.74534552749,10413.825878978272,48349.02796989769,48833.12141706674,47311.93702936883,47785.646629136834,4388.790531124907,37948.193067168664,37820.44237677993,37170.4639811634,bull,False,False,49308.04164555063,48385.291621528566,47462.54159750651,49801.02444414614,44755.5058059056,39709.98716766506,none,4437.144955481248,3127.4559587971617,1.418771363670234,expansion,364,101.99703044798589,0.7411306893914408,0.30795855891971524,17.59302917633965,59.85816095621327,risk_on,2.75,0.75,1.25,0.75,0.0,5.0,paused,pause_active,47785.646629136834,long,False,False,3,,,0,0,,,,,0.0,,,,,0,0,,,0.0,0.0,-20752.246330664064,4818.512405156194,25399.531115074213,171.2276207460909,0,0,89,89,34774.43038674294,2604.2964543181597,1.7915383591591822,-0.6522556961325706,-0.656131740815777
